event_id,user_id,event_type,product_id,search_query,event_timestamp
1,35,add_to_cart,15.0,,2025-03-17 07:08:56
2,22,page_view,,,2025-08-13 17:50:08
3,1,checkout,,,2025-10-08 13:11:27
4,2,product_view,9.0,,2025-08-05 13:52:07
5,30,checkout,,,2025-11-21 14:55:12
6,77,page_view,,,2025-10-15 21:19:41
7,29,page_view,,,2024-11-18 08:24:19
8,62,product_view,23.0,,2024-06-20 20:53:04
9,31,page_view,,,2024-12-01 16:05:19
10,30,wishlist,5.0,,2024-05-25 15:05:29
11,11,page_view,,,2026-06-19 22:23:09
12,76,product_view,2.0,,2024-08-28 17:40:12
13,20,add_to_cart,2.0,,2026-03-02 00:27:00
14,69,add_to_cart,5.0,,2025-05-03 00:06:22
15,13,purchase,13.0,,2024-08-12 20:24:59
16,73,product_view,6.0,,2026-01-02 14:16:04
17,33,product_view,14.0,,2025-03-12 22:48:50
18,21,page_view,,,2025-07-07 13:47:20
19,49,product_view,7.0,,2025-08-18 18:59:13
20,28,page_view,,,2025-07-23 21:54:23
21,57,product_view,26.0,,2024-02-03 09:55:45
22,19,page_view,,,2025-07-13 23:34:07
23,54,page_view,,,2024-10-09 21:32:05
24,46,product_view,9.0,,2026-06-05 01:36:01
25,6,product_view,7.0,,2024-10-13 17:01:01
26,61,product_view,4.0,,2024-02-15 22:11:57
27,66,product_view,3.0,,2024-05-26 10:34:15
28,9,product_view,1.0,,2026-03-24 15:10:51
29,45,page_view,,,2025-06-15 15:23:58
30,17,page_view,,,2025-08-21 21:04:50
31,61,search,,office chair,2026-01-18 01:57:03
32,6,page_view,,,2024-08-20 10:06:38
33,73,page_view,,,2024-06-24 03:36:50
34,8,page_view,,,2025-02-12 16:02:55
35,52,product_view,1.0,,2024-09-12 04:20:55
36,57,page_view,,,2024-05-01 19:07:38
37,64,page_view,,,2026-02-02 06:25:22
38,63,page_view,,,2026-01-19 13:55:47
39,83,page_view,,,2024-03-20 06:43:19
40,19,add_to_cart,7.0,,2025-12-15 14:10:42
41,19,page_view,,,2024-12-17 23:03:24
42,21,wishlist,18.0,,2024-06-03 03:11:53
43,79,page_view,,,2025-12-28 12:33:45
44,2,product_view,2.0,,2024-02-14 05:02:18
45,100,page_view,,,2025-11-08 14:22:20
46,90,product_view,20.0,,2026-08-02 14:45:52
47,59,page_view,,,2026-04-26 15:07:23
48,55,product_view,25.0,,2025-07-19 03:57:28
49,99,search,,office chair,2025-01-09 08:52:52
50,84,page_view,,,2026-04-25 20:43:07
51,18,product_view,6.0,,2026-03-21 00:21:52
52,76,page_view,,,2024-03-09 23:07:23
53,77,add_to_cart,9.0,,2024-03-24 02:32:00
54,25,add_to_cart,15.0,,2025-06-04 00:08:28
55,30,page_view,,,2025-07-23 21:36:58
56,67,page_view,,,2026-04-11 08:18:13
57,83,page_view,,,2026-03-23 01:31:07
58,96,product_view,6.0,,2026-01-08 19:23:10
59,91,add_to_cart,1.0,,2025-08-27 14:47:09
60,55,product_view,40.0,,2026-01-22 23:07:37
61,69,page_view,,,2025-01-26 04:45:32
62,52,purchase,2.0,,2026-03-15 23:23:14
63,11,search,,python book,2024-03-03 07:24:13
64,7,add_to_cart,18.0,,2026-01-24 21:09:27
65,77,page_view,,,2025-09-25 09:54:22
66,91,page_view,,,2024-05-28 06:36:44
67,60,product_view,24.0,,2026-05-13 18:00:04
68,16,checkout,,,2026-06-03 14:42:20
69,97,wishlist,6.0,,2025-10-12 05:42:51
70,72,product_view,17.0,,2024-10-26 21:31:35
71,37,page_view,,,2025-10-24 00:04:13
72,19,checkout,,,2025-02-03 23:14:51
73,5,page_view,,,2026-07-31 18:11:19
74,39,search,,python book,2026-01-03 04:41:09
75,9,product_view,2.0,,2025-12-30 11:50:13
76,44,page_view,,,2024-08-21 16:21:21
77,9,wishlist,15.0,,2024-11-30 22:21:49
78,83,page_view,,,2025-04-02 22:39:56
79,36,product_view,5.0,,2026-03-22 17:54:38
80,82,add_to_cart,4.0,,2026-02-19 23:33:34
81,53,page_view,,,2024-12-21 00:54:04
82,70,product_view,14.0,,2025-11-20 20:54:47
83,9,purchase,46.0,,2024-06-27 11:09:35
84,14,page_view,,,2026-04-23 02:10:03
85,74,add_to_cart,19.0,,2026-02-04 19:28:57
86,100,search,,gaming keyboard,2024-04-23 16:34:36
87,34,page_view,,,2024-05-09 21:32:45
88,78,product_view,8.0,,2025-08-13 21:46:27
89,52,page_view,,,2025-10-04 21:22:49
90,42,product_view,16.0,,2025-12-17 13:32:40
91,62,product_view,14.0,,2025-05-10 18:31:55
92,84,page_view,,,2024-11-24 18:07:07
93,82,page_view,,,2025-05-15 15:27:32
94,68,product_view,9.0,,2025-08-11 19:03:04
95,25,page_view,,,2024-10-19 08:01:16
96,36,page_view,,,2025-05-06 16:42:08
97,31,product_view,3.0,,2026-04-03 10:53:07
98,37,page_view,,,2025-04-06 16:28:52
99,73,product_view,17.0,,2024-08-29 09:22:01
100,68,page_view,,,2026-03-12 07:59:19
101,34,product_view,2.0,,2025-09-28 21:48:52
102,88,product_view,7.0,,2024-03-14 04:45:45
103,28,page_view,,,2025-01-02 14:42:10
104,28,product_view,7.0,,2024-04-12 21:20:26
105,71,page_view,,,2026-07-05 16:58:24
106,11,search,,skin care,2026-08-26 20:19:32
107,87,page_view,,,2026-07-25 06:01:49
108,43,search,,wireless headphones,2026-03-30 13:57:13
109,67,product_view,4.0,,2025-05-15 11:17:04
110,61,page_view,,,2024-10-06 15:30:15
111,70,product_view,5.0,,2025-12-16 08:53:24
112,83,product_view,2.0,,2024-07-28 04:41:00
113,61,page_view,,,2025-09-12 13:50:24
114,12,page_view,,,2024-03-15 03:58:29
115,12,product_view,3.0,,2025-04-10 00:30:04
116,72,page_view,,,2024-07-18 07:28:38
117,22,search,,running shoes,2025-11-24 23:02:07
118,36,page_view,,,2025-04-24 09:19:25
119,27,page_view,,,2025-12-23 20:13:34
120,97,checkout,,,2024-03-23 20:21:26
121,59,product_view,21.0,,2025-05-30 00:39:40
122,70,page_view,,,2026-01-26 03:24:46
123,85,product_view,1.0,,2024-07-19 19:59:52
124,55,page_view,,,2024-01-27 18:46:17
125,80,page_view,,,2024-09-17 21:09:11
126,56,product_view,4.0,,2025-09-10 18:24:16
127,14,checkout,,,2025-07-06 02:30:54
128,56,page_view,,,2025-05-30 15:01:33
129,27,product_view,18.0,,2026-05-09 18:39:08
130,80,page_view,,,2026-04-26 12:47:35
131,47,page_view,,,2024-05-15 17:55:28
132,83,product_view,3.0,,2024-10-21 12:00:39
133,82,search,,skin care,2026-05-04 05:59:44
134,5,purchase,4.0,,2026-04-11 07:25:35
135,60,page_view,,,2024-08-30 05:28:34
136,56,page_view,,,2025-07-07 09:27:01
137,64,add_to_cart,13.0,,2025-09-30 15:03:13
138,60,page_view,,,2024-12-31 19:35:12
139,90,page_view,,,2024-02-06 04:01:51
140,6,product_view,5.0,,2026-01-21 15:38:56
141,91,page_view,,,2024-12-04 12:09:53
142,46,page_view,,,2025-05-29 10:19:31
143,22,product_view,1.0,,2025-09-16 10:07:08
144,67,page_view,,,2026-04-17 00:20:47
145,8,product_view,5.0,,2024-05-31 23:15:57
146,70,page_view,,,2024-03-14 18:32:49
147,14,product_view,18.0,,2024-10-06 07:08:04
148,39,page_view,,,2025-12-19 12:51:02
149,48,checkout,,,2026-08-27 16:19:44
150,23,search,,python book,2024-12-01 20:02:40
151,17,product_view,8.0,,2024-05-11 12:56:29
152,26,page_view,,,2026-03-16 14:59:21
153,67,page_view,,,2025-07-09 01:01:31
154,41,checkout,,,2025-01-03 22:53:05
155,49,page_view,,,2025-04-14 16:30:28
156,69,wishlist,10.0,,2026-07-27 02:11:43
157,38,product_view,19.0,,2024-03-02 20:40:10
158,36,page_view,,,2026-03-08 01:44:19
159,12,product_view,2.0,,2025-05-11 01:27:46
160,15,product_view,21.0,,2025-04-30 09:06:52
161,79,add_to_cart,16.0,,2026-08-03 16:52:39
162,93,product_view,2.0,,2024-01-10 17:14:27
163,6,page_view,,,2025-03-09 19:45:32
164,52,checkout,,,2025-12-25 11:08:05
165,98,add_to_cart,2.0,,2025-09-18 21:04:52
166,13,add_to_cart,2.0,,2026-03-27 17:26:06
167,12,wishlist,3.0,,2025-02-15 08:50:48
168,5,page_view,,,2025-03-20 06:37:29
169,3,purchase,23.0,,2025-03-25 21:53:45
170,18,page_view,,,2024-10-04 19:45:53
171,43,page_view,,,2026-02-16 00:08:03
172,76,purchase,9.0,,2026-01-28 11:11:12
173,39,page_view,,,2025-07-11 02:18:21
174,32,product_view,7.0,,2024-09-16 03:36:28
175,55,add_to_cart,3.0,,2024-09-13 00:39:50
176,37,page_view,,,2024-02-07 15:49:29
177,58,search,,wireless headphones,2026-05-13 17:46:05
178,64,page_view,,,2024-10-01 03:42:30
179,93,page_view,,,2025-01-25 22:55:11
180,88,product_view,3.0,,2024-01-24 06:55:52
181,60,wishlist,1.0,,2024-05-12 10:10:20
182,2,page_view,,,2024-04-09 19:27:39
183,13,product_view,5.0,,2025-05-24 21:19:56
184,7,add_to_cart,3.0,,2024-06-17 00:47:36
185,12,page_view,,,2025-07-11 22:37:02
186,10,search,,office chair,2025-04-23 02:37:02
187,25,page_view,,,2024-02-03 17:30:06
188,69,page_view,,,2024-03-05 01:13:18
189,62,product_view,37.0,,2025-12-08 08:59:21
190,43,product_view,11.0,,2024-03-04 09:10:42
191,14,product_view,3.0,,2025-06-17 20:16:24
192,27,page_view,,,2026-03-24 21:11:47
193,97,checkout,,,2024-01-03 03:06:07
194,5,product_view,1.0,,2024-12-24 12:23:12
195,39,page_view,,,2024-07-15 22:50:57
196,56,search,,gaming keyboard,2025-04-05 09:16:51
197,67,add_to_cart,1.0,,2024-05-08 05:31:05
198,6,page_view,,,2024-05-08 16:29:08
199,18,page_view,,,2024-11-28 05:56:41
200,32,page_view,,,2026-08-02 00:07:48
201,95,page_view,,,2025-06-04 02:28:23
202,29,product_view,14.0,,2024-10-13 06:19:22
203,28,page_view,,,2024-11-16 06:33:29
204,96,page_view,,,2026-04-25 04:23:46
205,17,page_view,,,2025-03-09 18:04:47
206,16,page_view,,,2025-03-28 15:21:50
207,27,product_view,16.0,,2025-08-19 17:33:35
208,33,wishlist,15.0,,2026-01-16 19:18:46
209,29,page_view,,,2025-12-03 22:25:43
210,29,page_view,,,2024-07-23 02:19:43
211,55,page_view,,,2025-03-15 06:26:05
212,1,wishlist,13.0,,2024-01-06 13:29:03
213,93,product_view,24.0,,2024-11-28 20:22:33
214,66,product_view,7.0,,2026-08-02 08:17:48
215,1,purchase,6.0,,2025-11-11 13:29:16
216,40,page_view,,,2026-02-02 10:12:46
217,23,product_view,5.0,,2026-08-22 23:19:52
218,38,page_view,,,2024-01-23 00:52:51
219,98,search,,office chair,2025-08-24 15:51:13
220,69,product_view,14.0,,2024-07-12 03:07:06
221,27,product_view,11.0,,2024-02-16 20:09:17
222,22,page_view,,,2024-05-12 12:51:56
223,49,page_view,,,2024-04-13 09:58:27
224,48,page_view,,,2026-02-06 23:29:35
225,46,purchase,8.0,,2025-02-15 11:57:35
226,31,page_view,,,2025-06-28 06:55:27
227,15,product_view,6.0,,2024-03-18 06:57:27
228,93,add_to_cart,1.0,,2024-01-31 11:45:15
229,75,page_view,,,2025-09-06 14:22:06
230,91,page_view,,,2024-08-29 15:57:29
231,54,product_view,3.0,,2025-06-09 10:28:21
232,41,page_view,,,2025-03-09 06:37:10
233,57,page_view,,,2025-07-05 12:14:02
234,66,product_view,5.0,,2024-04-20 05:27:32
235,46,page_view,,,2025-03-25 21:47:25
236,96,search,,gaming keyboard,2026-03-09 05:24:56
237,44,page_view,,,2024-12-08 14:56:18
238,43,product_view,20.0,,2025-04-28 13:34:55
239,97,page_view,,,2025-09-15 10:13:56
240,4,search,,running shoes,2024-06-11 12:06:44
241,10,wishlist,34.0,,2024-12-11 14:47:24
242,24,add_to_cart,3.0,,2025-01-03 11:07:53
243,43,page_view,,,2024-10-14 21:54:17
244,59,product_view,2.0,,2026-06-14 22:47:09
245,49,page_view,,,2024-04-03 21:14:16
246,45,page_view,,,2024-05-14 10:48:40
247,71,page_view,,,2024-12-26 20:07:14
248,19,search,,wireless headphones,2025-04-02 00:53:45
249,17,page_view,,,2024-01-28 01:38:00
250,23,product_view,1.0,,2024-03-08 00:50:57
251,40,page_view,,,2025-12-09 15:46:25
252,66,search,,gaming keyboard,2024-02-27 09:22:26
253,77,page_view,,,2026-01-07 09:20:56
254,47,add_to_cart,9.0,,2024-03-25 18:43:42
255,51,checkout,,,2024-09-18 08:01:41
256,38,product_view,28.0,,2026-05-17 20:33:15
257,91,purchase,2.0,,2024-04-20 19:06:15
258,32,product_view,4.0,,2026-02-22 10:25:44
259,97,page_view,,,2026-06-30 11:59:23
260,85,page_view,,,2025-05-22 08:07:40
261,73,page_view,,,2024-03-15 16:38:03
262,45,page_view,,,2026-04-06 00:51:02
263,71,page_view,,,2024-11-11 20:18:09
264,5,page_view,,,2026-07-16 03:20:03
265,70,product_view,9.0,,2024-12-07 16:57:20
266,89,product_view,3.0,,2025-04-21 05:44:04
267,38,add_to_cart,2.0,,2025-08-15 14:20:30
268,38,add_to_cart,10.0,,2024-06-28 06:16:27
269,41,page_view,,,2025-03-14 10:29:03
270,9,product_view,7.0,,2026-07-21 20:16:50
271,75,page_view,,,2024-09-15 10:15:29
272,57,page_view,,,2024-11-24 14:00:44
273,72,add_to_cart,25.0,,2024-03-31 21:08:21
274,34,page_view,,,2025-03-16 21:03:12
275,64,checkout,,,2025-02-12 17:26:57
276,51,product_view,16.0,,2025-04-26 14:55:53
277,92,search,,gaming keyboard,2025-02-25 18:45:36
278,28,product_view,5.0,,2025-02-13 22:37:34
279,11,page_view,,,2025-05-09 13:35:03
280,35,product_view,8.0,,2025-02-24 03:05:49
281,95,page_view,,,2026-04-26 15:00:25
282,44,page_view,,,2025-01-08 13:16:53
283,13,add_to_cart,1.0,,2025-11-14 07:29:21
284,98,product_view,4.0,,2025-09-17 04:54:26
285,37,add_to_cart,4.0,,2024-10-15 19:42:09
286,47,product_view,22.0,,2024-12-21 15:48:20
287,44,page_view,,,2026-01-03 04:30:29
288,88,page_view,,,2024-05-19 03:04:51
289,92,page_view,,,2026-08-08 10:03:11
290,14,product_view,5.0,,2024-07-11 03:12:01
291,38,search,,office chair,2025-03-24 19:02:12
292,47,product_view,18.0,,2024-05-31 21:03:14
293,17,page_view,,,2024-04-13 00:03:28
294,9,page_view,,,2025-05-25 02:49:40
295,73,checkout,,,2024-04-18 05:00:36
296,46,page_view,,,2025-09-24 10:06:58
297,2,search,,office chair,2025-02-26 11:42:35
298,95,product_view,2.0,,2024-04-03 10:47:40
299,32,add_to_cart,13.0,,2024-07-16 02:50:02
300,35,product_view,12.0,,2025-02-06 18:47:18
301,26,page_view,,,2024-03-19 06:48:28
302,12,page_view,,,2024-05-06 11:12:03
303,93,page_view,,,2024-05-12 14:13:08
304,45,page_view,,,2025-07-31 21:59:59
305,53,page_view,,,2025-08-06 02:53:39
306,51,page_view,,,2026-04-28 20:30:14
307,25,product_view,26.0,,2025-07-14 15:03:16
308,84,search,,fitness tracker,2024-08-07 00:26:25
309,16,product_view,7.0,,2024-01-09 16:24:32
310,37,page_view,,,2026-01-10 01:18:45
311,29,product_view,4.0,,2024-09-14 16:00:54
312,99,page_view,,,2025-12-28 02:22:02
313,73,product_view,14.0,,2026-06-16 05:23:57
314,16,product_view,4.0,,2025-12-20 01:00:51
315,56,add_to_cart,4.0,,2026-04-17 17:39:48
316,62,add_to_cart,6.0,,2026-07-18 01:29:47
317,61,purchase,10.0,,2025-07-14 02:45:38
318,1,search,,wireless headphones,2024-09-10 10:10:01
319,49,page_view,,,2024-08-28 16:40:29
320,76,page_view,,,2026-08-23 20:50:38
321,80,checkout,,,2025-12-16 17:38:40
322,89,page_view,,,2024-01-14 15:49:02
323,46,purchase,4.0,,2024-01-21 15:42:33
324,67,add_to_cart,2.0,,2024-11-12 20:20:56
325,9,page_view,,,2024-01-12 06:04:04
326,48,page_view,,,2024-08-15 14:04:23
327,68,page_view,,,2026-06-10 06:20:47
328,58,add_to_cart,16.0,,2024-07-12 00:58:39
329,90,page_view,,,2026-07-07 16:20:03
330,59,product_view,17.0,,2024-01-10 03:33:45
331,79,search,,running shoes,2024-07-18 03:35:17
332,2,search,,gaming keyboard,2026-06-01 15:37:47
333,76,page_view,,,2024-07-24 01:33:39
334,97,page_view,,,2024-12-13 01:04:01
335,91,page_view,,,2024-08-01 03:27:01
336,100,page_view,,,2024-09-21 00:38:00
337,2,page_view,,,2025-05-14 06:59:35
338,28,purchase,14.0,,2026-01-18 01:12:57
339,51,page_view,,,2025-03-13 11:09:41
340,13,product_view,8.0,,2026-06-21 17:49:43
341,28,page_view,,,2026-05-19 03:43:11
342,93,product_view,4.0,,2024-03-09 20:17:55
343,97,product_view,14.0,,2024-02-04 22:41:18
344,28,add_to_cart,3.0,,2024-03-23 20:09:25
345,93,page_view,,,2024-03-17 03:19:57
346,39,add_to_cart,2.0,,2025-07-22 21:00:37
347,67,page_view,,,2024-08-11 11:19:57
348,36,page_view,,,2025-05-30 22:39:48
349,60,product_view,10.0,,2025-03-02 18:18:33
350,51,product_view,25.0,,2024-10-13 16:47:00
351,4,product_view,11.0,,2025-06-02 08:35:09
352,44,product_view,7.0,,2026-07-03 18:10:57
353,42,checkout,,,2026-08-01 08:27:04
354,83,product_view,15.0,,2024-08-21 04:16:23
355,35,page_view,,,2025-04-11 13:33:17
356,1,checkout,,,2026-04-08 20:43:56
357,33,page_view,,,2025-05-15 17:52:00
358,70,page_view,,,2024-10-26 19:16:49
359,99,page_view,,,2026-08-31 18:44:45
360,25,page_view,,,2025-01-27 02:14:25
361,9,page_view,,,2025-01-18 20:18:29
362,12,page_view,,,2025-01-04 03:50:12
363,83,page_view,,,2025-12-14 14:37:08
364,87,page_view,,,2025-06-15 02:36:22
365,31,product_view,4.0,,2024-01-10 10:11:04
366,51,page_view,,,2024-06-26 23:38:49
367,73,page_view,,,2024-05-02 04:20:56
368,86,page_view,,,2024-01-17 06:24:26
369,59,page_view,,,2026-02-26 05:58:21
370,1,page_view,,,2025-08-24 00:18:03
371,21,product_view,10.0,,2026-06-05 08:53:30
372,21,product_view,13.0,,2025-08-15 01:27:04
373,63,product_view,17.0,,2026-05-07 10:50:15
374,27,page_view,,,2026-06-21 16:51:31
375,33,page_view,,,2026-02-12 15:37:59
376,3,search,,office chair,2024-07-19 17:58:40
377,34,product_view,2.0,,2024-01-15 01:43:40
378,30,wishlist,5.0,,2024-01-26 17:48:45
379,67,purchase,12.0,,2025-05-04 12:36:08
380,30,page_view,,,2025-05-22 03:11:50
381,60,checkout,,,2025-06-12 18:54:47
382,26,page_view,,,2025-02-17 17:11:16
383,89,page_view,,,2026-03-14 20:23:24
384,94,product_view,18.0,,2024-09-05 22:51:37
385,48,page_view,,,2026-05-13 20:16:27
386,2,page_view,,,2024-12-23 15:19:51
387,52,page_view,,,2025-09-16 16:23:35
388,5,page_view,,,2024-05-13 23:54:33
389,90,page_view,,,2024-04-08 10:58:34
390,59,add_to_cart,10.0,,2025-10-05 00:56:36
391,83,page_view,,,2024-11-06 08:28:02
392,3,add_to_cart,9.0,,2026-07-06 10:59:53
393,48,page_view,,,2026-01-23 01:24:39
394,20,search,,coffee maker,2024-12-25 10:57:00
395,3,page_view,,,2024-09-29 11:31:34
396,13,product_view,9.0,,2026-06-09 05:37:06
397,30,checkout,,,2025-08-29 01:25:56
398,13,page_view,,,2026-05-17 11:51:35
399,44,product_view,11.0,,2024-06-11 10:18:40
400,16,page_view,,,2025-08-25 20:33:08
401,89,product_view,11.0,,2024-10-30 09:11:40
402,84,search,,gaming keyboard,2026-03-29 12:36:11
403,63,page_view,,,2026-03-29 09:26:44
404,3,page_view,,,2025-01-04 01:41:45
405,13,page_view,,,2024-01-29 09:20:48
406,33,page_view,,,2024-02-03 03:26:40
407,76,product_view,18.0,,2025-06-15 13:01:28
408,77,search,,fitness tracker,2025-03-26 02:21:31
409,62,page_view,,,2026-08-09 21:59:47
410,60,search,,gaming keyboard,2024-11-19 06:57:19
411,60,page_view,,,2024-10-24 01:27:17
412,77,page_view,,,2024-01-09 08:35:51
413,10,product_view,9.0,,2026-01-21 10:55:52
414,12,page_view,,,2025-11-04 10:28:58
415,28,search,,office chair,2026-06-05 11:31:43
416,44,page_view,,,2024-12-18 19:10:10
417,30,page_view,,,2026-05-12 21:32:12
418,25,page_view,,,2024-09-15 14:11:09
419,60,product_view,5.0,,2026-06-05 19:20:08
420,65,add_to_cart,7.0,,2025-04-18 19:40:26
421,27,page_view,,,2025-01-16 02:07:15
422,59,page_view,,,2026-06-07 23:27:02
423,6,page_view,,,2025-05-17 19:55:52
424,40,product_view,5.0,,2025-05-03 17:20:59
425,28,page_view,,,2025-01-05 13:55:31
426,62,page_view,,,2025-07-16 15:43:42
427,9,page_view,,,2025-05-06 15:22:48
428,72,search,,running shoes,2026-04-04 08:23:31
429,38,page_view,,,2024-03-13 17:08:39
430,67,product_view,9.0,,2025-07-20 12:11:24
431,78,page_view,,,2024-04-21 13:20:13
432,96,page_view,,,2024-06-02 07:37:58
433,67,product_view,6.0,,2024-01-21 21:14:21
434,28,product_view,31.0,,2026-01-22 16:20:27
435,43,search,,fitness tracker,2024-06-12 15:11:17
436,29,page_view,,,2024-04-11 02:32:22
437,73,page_view,,,2025-05-03 18:30:10
438,64,page_view,,,2024-04-30 02:57:50
439,3,product_view,29.0,,2026-08-01 07:41:38
440,49,page_view,,,2026-01-18 13:47:05
441,38,page_view,,,2025-06-27 15:30:18
442,87,product_view,15.0,,2026-01-01 11:51:14
443,59,page_view,,,2025-08-25 19:00:54
444,98,page_view,,,2026-06-10 03:53:45
445,27,product_view,40.0,,2024-02-24 21:23:50
446,90,product_view,44.0,,2024-04-02 17:20:52
447,15,product_view,1.0,,2024-11-26 14:26:22
448,23,page_view,,,2025-07-20 04:50:37
449,39,purchase,6.0,,2026-07-17 13:50:36
450,71,page_view,,,2024-11-17 03:20:53
451,3,page_view,,,2024-11-24 04:18:50
452,33,page_view,,,2024-08-02 02:41:46
453,34,wishlist,1.0,,2024-07-30 02:05:56
454,33,product_view,5.0,,2024-10-03 12:25:21
455,70,product_view,9.0,,2024-02-12 12:36:12
456,69,product_view,7.0,,2024-04-30 08:24:12
457,15,product_view,1.0,,2024-08-08 21:33:55
458,33,product_view,2.0,,2026-07-31 01:30:33
459,88,page_view,,,2025-09-27 02:14:46
460,81,wishlist,33.0,,2026-05-13 10:12:51
461,71,product_view,11.0,,2024-09-14 06:39:08
462,63,page_view,,,2026-08-08 01:31:48
463,76,page_view,,,2024-07-23 02:27:28
464,13,wishlist,1.0,,2026-04-22 14:26:40
465,53,page_view,,,2026-07-11 18:42:56
466,53,product_view,5.0,,2024-03-11 11:27:49
467,65,search,,fitness tracker,2026-03-21 19:24:10
468,81,page_view,,,2026-08-19 10:28:32
469,75,product_view,12.0,,2025-02-14 17:45:25
470,8,add_to_cart,5.0,,2025-12-31 01:06:47
471,66,page_view,,,2025-11-15 14:16:10
472,61,search,,fitness tracker,2025-07-25 10:04:58
473,47,page_view,,,2025-05-10 05:21:10
474,17,page_view,,,2025-05-17 21:53:28
475,11,checkout,,,2024-10-27 16:49:06
476,25,product_view,10.0,,2024-09-20 16:43:29
477,69,product_view,25.0,,2025-09-19 21:10:01
478,57,page_view,,,2026-05-01 06:29:59
479,27,product_view,9.0,,2025-11-20 06:59:14
480,60,page_view,,,2026-01-22 18:34:24
481,86,product_view,14.0,,2025-12-05 20:05:08
482,90,product_view,35.0,,2025-01-05 02:51:38
483,89,product_view,8.0,,2025-09-07 06:22:16
484,29,product_view,5.0,,2024-08-24 21:49:08
485,30,page_view,,,2024-12-13 18:43:27
486,58,page_view,,,2025-10-11 02:18:05
487,94,product_view,3.0,,2025-07-04 12:34:20
488,60,product_view,16.0,,2026-05-17 08:40:39
489,71,checkout,,,2024-08-30 07:03:39
490,57,page_view,,,2025-11-17 19:41:49
491,88,search,,running shoes,2024-01-03 16:55:26
492,63,checkout,,,2026-08-01 13:42:50
493,28,search,,coffee maker,2024-11-04 23:36:33
494,63,product_view,1.0,,2024-03-17 00:07:27
495,58,page_view,,,2024-02-26 01:43:07
496,26,wishlist,8.0,,2026-01-23 19:07:31
497,16,search,,fitness tracker,2025-05-28 09:23:35
498,89,search,,fitness tracker,2025-01-24 17:50:08
499,9,product_view,9.0,,2026-05-28 00:04:32
500,90,page_view,,,2026-03-25 19:28:39
501,12,page_view,,,2024-02-22 13:45:18
502,53,page_view,,,2026-06-13 23:26:13
503,60,product_view,4.0,,2024-01-06 19:44:41
504,97,page_view,,,2025-05-27 00:39:17
505,53,product_view,42.0,,2024-01-27 12:11:03
506,98,page_view,,,2026-06-21 11:35:05
507,60,product_view,10.0,,2024-04-07 01:55:04
508,26,product_view,25.0,,2026-02-28 00:01:22
509,61,page_view,,,2024-08-10 10:56:30
510,13,page_view,,,2025-05-02 15:01:18
511,18,search,,wireless headphones,2024-09-11 21:17:18
512,23,product_view,3.0,,2026-06-21 09:42:45
513,9,page_view,,,2024-04-06 23:05:13
514,99,page_view,,,2026-07-26 07:51:29
515,33,product_view,4.0,,2026-08-12 23:30:42
516,34,page_view,,,2024-08-03 23:41:29
517,43,page_view,,,2024-03-13 09:11:16
518,32,page_view,,,2026-04-14 22:40:12
519,59,page_view,,,2025-03-05 04:05:34
520,87,page_view,,,2024-01-13 03:26:46
521,7,page_view,,,2024-05-02 19:26:42
522,89,checkout,,,2025-12-01 08:24:43
523,43,product_view,12.0,,2026-02-01 05:12:32
524,62,product_view,18.0,,2024-10-22 09:28:15
525,47,page_view,,,2025-03-16 23:50:35
526,40,checkout,,,2024-04-22 18:13:09
527,81,add_to_cart,17.0,,2026-05-07 04:59:45
528,94,search,,skin care,2024-06-13 17:53:47
529,22,page_view,,,2024-09-21 23:29:38
530,33,page_view,,,2025-11-25 13:46:14
531,54,search,,fitness tracker,2026-06-06 16:13:39
532,4,page_view,,,2024-09-13 06:50:03
533,34,page_view,,,2026-02-01 00:14:45
534,84,page_view,,,2024-11-26 19:53:26
535,58,page_view,,,2026-02-15 06:29:32
536,36,product_view,10.0,,2024-02-13 03:47:47
537,34,page_view,,,2026-06-26 22:59:24
538,57,product_view,9.0,,2025-07-23 18:39:03
539,81,add_to_cart,6.0,,2025-03-07 16:33:38
540,89,product_view,6.0,,2024-08-11 15:26:10
541,1,checkout,,,2025-07-15 20:50:33
542,22,purchase,5.0,,2024-10-10 19:14:05
543,46,add_to_cart,4.0,,2026-08-07 10:48:46
544,44,page_view,,,2025-10-10 23:37:38
545,43,page_view,,,2025-03-26 16:14:33
546,57,page_view,,,2024-05-12 06:28:08
547,72,page_view,,,2025-08-09 10:07:42
548,34,search,,skin care,2025-01-25 02:16:37
549,80,product_view,5.0,,2026-04-09 08:23:51
550,77,product_view,10.0,,2024-07-23 13:24:12
551,9,purchase,10.0,,2025-12-16 21:49:47
552,81,search,,gaming keyboard,2026-04-13 20:43:52
553,96,page_view,,,2024-05-01 03:58:15
554,100,page_view,,,2025-07-25 04:08:57
555,58,search,,wireless headphones,2026-06-26 01:27:21
556,42,product_view,3.0,,2025-04-22 12:49:45
557,47,product_view,9.0,,2024-01-22 03:55:41
558,74,product_view,5.0,,2024-05-15 00:08:15
559,37,checkout,,,2024-04-22 23:32:06
560,93,page_view,,,2025-03-10 06:12:44
561,85,product_view,5.0,,2025-03-01 05:27:20
562,7,page_view,,,2026-08-27 06:15:14
563,65,page_view,,,2024-11-12 13:31:19
564,66,product_view,4.0,,2025-11-04 13:17:33
565,7,search,,gaming keyboard,2024-10-25 22:56:37
566,62,add_to_cart,14.0,,2024-05-07 18:48:01
567,70,page_view,,,2024-12-05 08:15:13
568,88,purchase,11.0,,2024-01-06 23:57:02
569,41,product_view,1.0,,2026-05-23 04:10:03
570,36,product_view,17.0,,2025-08-30 22:36:09
571,66,product_view,19.0,,2026-04-26 01:38:17
572,92,product_view,4.0,,2025-11-03 04:30:12
573,20,page_view,,,2025-03-06 04:45:19
574,16,page_view,,,2025-05-25 12:16:16
575,66,page_view,,,2025-12-15 00:38:43
576,24,page_view,,,2024-11-06 18:46:43
577,99,page_view,,,2024-04-03 05:19:46
578,77,page_view,,,2024-07-10 18:24:16
579,61,search,,coffee maker,2024-12-21 12:41:32
580,63,product_view,20.0,,2026-07-17 13:39:25
581,11,product_view,19.0,,2024-10-09 00:43:11
582,47,purchase,23.0,,2024-01-08 04:43:36
583,85,product_view,9.0,,2026-02-05 12:16:51
584,52,add_to_cart,11.0,,2025-10-13 12:54:17
585,62,page_view,,,2024-02-17 09:27:39
586,91,product_view,1.0,,2026-01-05 21:12:56
587,49,product_view,1.0,,2026-03-16 18:10:00
588,57,page_view,,,2026-08-02 07:41:20
589,33,wishlist,5.0,,2025-09-04 06:23:57
590,87,wishlist,1.0,,2026-05-25 05:44:46
591,85,search,,skin care,2024-03-20 09:25:04
592,36,product_view,15.0,,2025-10-01 03:50:30
593,72,page_view,,,2025-12-05 03:47:52
594,78,wishlist,26.0,,2024-05-09 08:21:17
595,80,page_view,,,2024-11-17 13:46:57
596,87,page_view,,,2024-07-01 04:54:35
597,27,search,,fitness tracker,2024-05-20 12:52:54
598,65,purchase,13.0,,2024-02-02 01:54:05
599,62,product_view,7.0,,2026-06-03 18:01:51
600,66,add_to_cart,8.0,,2024-11-27 12:45:06
601,81,page_view,,,2025-03-16 19:28:39
602,79,page_view,,,2024-06-15 09:28:10
603,24,page_view,,,2025-01-11 02:57:48
604,41,product_view,5.0,,2025-07-22 04:08:25
605,84,checkout,,,2026-04-26 00:33:43
606,46,page_view,,,2024-07-17 01:08:22
607,73,page_view,,,2024-02-05 23:13:27
608,94,search,,office chair,2024-12-06 03:59:59
609,97,page_view,,,2024-05-17 06:38:34
610,64,page_view,,,2025-02-19 01:58:11
611,89,page_view,,,2024-10-05 15:47:28
612,57,wishlist,12.0,,2025-01-13 23:14:26
613,49,page_view,,,2025-10-12 21:38:45
614,13,page_view,,,2025-06-16 15:09:36
615,88,page_view,,,2024-12-15 07:32:16
616,73,page_view,,,2025-06-06 17:38:33
617,48,page_view,,,2024-11-07 03:07:19
618,9,page_view,,,2024-02-05 13:46:13
619,96,product_view,8.0,,2026-05-18 09:13:25
620,83,page_view,,,2025-11-21 00:24:28
621,28,product_view,8.0,,2025-12-05 18:28:55
622,72,search,,coffee maker,2025-02-13 04:25:15
623,15,page_view,,,2024-03-30 20:02:45
624,79,wishlist,28.0,,2025-04-28 07:09:25
625,5,product_view,19.0,,2026-03-29 07:09:33
626,55,page_view,,,2024-03-02 01:54:04
627,96,page_view,,,2026-07-21 09:45:48
628,36,page_view,,,2025-08-23 09:05:39
629,63,page_view,,,2026-07-09 12:38:21
630,12,search,,gaming keyboard,2025-06-19 18:37:39
631,13,page_view,,,2025-05-01 05:22:53
632,92,page_view,,,2024-09-11 03:11:55
633,22,search,,coffee maker,2026-04-13 22:57:09
634,90,page_view,,,2025-09-24 07:39:57
635,61,search,,coffee maker,2026-06-30 12:53:47
636,36,page_view,,,2024-09-05 17:55:02
637,52,product_view,1.0,,2024-01-21 23:01:32
638,75,product_view,3.0,,2025-07-14 19:27:21
639,77,search,,skin care,2024-04-02 03:50:59
640,60,product_view,20.0,,2025-03-10 04:56:46
641,12,page_view,,,2026-05-04 05:01:23
642,10,page_view,,,2025-05-30 04:44:50
643,13,product_view,15.0,,2024-10-02 11:44:58
644,19,purchase,2.0,,2024-10-28 14:23:06
645,100,add_to_cart,12.0,,2026-06-23 17:36:52
646,72,page_view,,,2026-05-06 00:13:54
647,43,page_view,,,2025-02-26 11:25:08
648,36,page_view,,,2025-02-15 21:59:32
649,39,search,,coffee maker,2026-04-11 17:08:04
650,74,page_view,,,2024-05-30 17:41:51
651,66,product_view,6.0,,2025-08-03 11:20:40
652,35,page_view,,,2025-04-21 15:19:00
653,32,page_view,,,2024-04-10 14:28:34
654,74,product_view,15.0,,2026-07-19 14:59:46
655,81,page_view,,,2024-12-11 15:40:29
656,55,product_view,1.0,,2025-04-14 14:11:51
657,91,checkout,,,2024-12-09 00:05:00
658,69,page_view,,,2024-07-26 22:25:00
659,79,product_view,3.0,,2026-08-20 19:32:07
660,37,page_view,,,2024-12-10 09:02:48
661,39,product_view,8.0,,2025-03-04 06:35:24
662,36,wishlist,8.0,,2025-02-17 06:18:37
663,92,product_view,16.0,,2025-01-03 07:02:46
664,6,page_view,,,2026-02-08 20:15:47
665,2,page_view,,,2024-05-03 00:31:10
666,19,purchase,16.0,,2026-07-11 02:09:01
667,11,add_to_cart,15.0,,2026-06-22 07:58:25
668,73,product_view,1.0,,2025-05-04 01:48:05
669,51,search,,office chair,2024-07-02 08:48:13
670,45,product_view,15.0,,2024-12-18 23:08:48
671,68,product_view,10.0,,2026-04-06 03:06:29
672,61,product_view,1.0,,2025-10-15 16:45:32
673,48,product_view,22.0,,2025-11-28 11:12:06
674,68,page_view,,,2025-08-28 00:28:21
675,89,page_view,,,2024-02-27 00:51:32
676,47,page_view,,,2024-10-11 04:32:37
677,13,search,,running shoes,2025-11-03 18:30:39
678,72,page_view,,,2025-01-07 16:47:40
679,12,page_view,,,2024-07-29 09:23:26
680,70,page_view,,,2024-02-14 17:32:40
681,97,product_view,19.0,,2024-04-14 03:06:08
682,21,checkout,,,2024-09-18 15:36:34
683,39,product_view,38.0,,2025-04-10 13:13:08
684,91,product_view,1.0,,2024-10-24 06:48:35
685,12,page_view,,,2024-11-04 21:13:15
686,57,page_view,,,2025-10-15 15:10:32
687,23,product_view,27.0,,2024-01-24 07:10:45
688,55,add_to_cart,24.0,,2024-11-09 21:10:06
689,92,page_view,,,2024-04-30 02:53:15
690,6,page_view,,,2025-03-04 23:33:09
691,89,page_view,,,2025-10-05 15:12:47
692,14,checkout,,,2026-06-01 02:44:07
693,66,checkout,,,2025-08-14 01:48:56
694,22,page_view,,,2024-12-15 22:12:41
695,99,wishlist,1.0,,2025-11-26 00:26:06
696,82,page_view,,,2024-12-23 16:24:01
697,85,page_view,,,2026-05-26 18:58:32
698,41,page_view,,,2025-06-24 00:37:06
699,15,purchase,11.0,,2024-11-10 10:32:42
700,4,wishlist,19.0,,2024-12-27 00:30:57
701,82,product_view,24.0,,2025-10-09 07:10:57
702,53,page_view,,,2025-11-16 09:40:05
703,60,purchase,41.0,,2024-02-04 12:18:10
704,42,add_to_cart,41.0,,2025-07-12 16:32:47
705,78,page_view,,,2025-01-21 07:44:36
706,79,search,,coffee maker,2024-02-28 17:48:48
707,10,page_view,,,2025-10-12 06:37:56
708,41,search,,python book,2024-10-13 12:13:07
709,69,product_view,20.0,,2025-06-18 07:40:38
710,33,page_view,,,2025-12-23 16:15:48
711,14,page_view,,,2024-11-29 01:19:31
712,17,wishlist,1.0,,2026-07-12 09:08:19
713,84,product_view,14.0,,2026-07-03 21:17:10
714,63,page_view,,,2025-07-15 17:00:58
715,1,product_view,31.0,,2025-06-22 13:44:34
716,49,page_view,,,2024-12-29 17:21:07
717,92,page_view,,,2025-08-15 16:54:52
718,74,page_view,,,2025-11-07 11:15:42
719,7,page_view,,,2026-08-10 07:36:40
720,98,search,,skin care,2026-03-31 05:20:19
721,43,page_view,,,2025-05-29 11:26:34
722,22,search,,running shoes,2026-02-11 23:51:14
723,78,page_view,,,2025-03-01 13:13:29
724,78,purchase,12.0,,2025-02-15 16:41:27
725,94,page_view,,,2025-08-13 10:49:15
726,80,page_view,,,2026-01-21 10:07:45
727,64,product_view,44.0,,2024-09-04 04:10:22
728,80,page_view,,,2026-06-30 08:21:51
729,47,product_view,4.0,,2025-06-29 23:07:40
730,21,checkout,,,2026-06-06 09:10:23
731,100,product_view,7.0,,2025-05-26 20:25:03
732,80,add_to_cart,8.0,,2024-01-24 08:03:08
733,68,page_view,,,2025-01-30 08:50:49
734,5,page_view,,,2024-01-31 12:14:59
735,41,page_view,,,2025-01-17 05:56:08
736,30,page_view,,,2025-07-22 16:05:59
737,84,page_view,,,2024-08-21 13:51:48
738,96,product_view,9.0,,2024-06-04 22:11:13
739,65,page_view,,,2026-01-20 12:13:38
740,20,page_view,,,2024-06-25 13:46:45
741,38,product_view,7.0,,2024-12-27 18:42:15
742,73,page_view,,,2025-02-18 05:04:12
743,28,page_view,,,2024-01-26 12:57:28
744,23,search,,fitness tracker,2025-03-21 10:30:25
745,43,add_to_cart,1.0,,2024-07-10 13:33:10
746,40,add_to_cart,6.0,,2026-05-28 02:49:44
747,38,product_view,2.0,,2024-09-16 18:47:30
748,66,page_view,,,2024-05-26 08:01:31
749,63,search,,running shoes,2025-05-31 09:31:12
750,56,page_view,,,2025-12-20 06:06:06
751,10,page_view,,,2025-06-13 12:11:04
752,79,search,,gaming keyboard,2025-10-02 21:51:37
753,23,product_view,9.0,,2026-02-05 20:36:11
754,65,page_view,,,2025-07-08 19:29:03
755,45,page_view,,,2026-04-14 04:40:44
756,91,add_to_cart,6.0,,2024-02-14 21:48:57
757,59,page_view,,,2024-04-27 06:57:18
758,35,product_view,5.0,,2025-12-17 22:36:34
759,75,page_view,,,2024-09-05 11:28:11
760,64,page_view,,,2026-03-26 17:27:40
761,13,checkout,,,2025-01-02 22:36:12
762,70,page_view,,,2024-08-28 02:13:23
763,79,checkout,,,2024-03-26 07:23:25
764,69,page_view,,,2025-03-13 04:48:41
765,43,page_view,,,2026-04-30 12:38:13
766,71,search,,running shoes,2024-10-13 09:59:32
767,51,page_view,,,2024-09-06 09:05:39
768,86,product_view,20.0,,2026-07-29 16:21:01
769,55,page_view,,,2024-12-19 17:06:32
770,3,page_view,,,2025-05-02 19:16:28
771,42,product_view,15.0,,2024-02-24 05:50:14
772,89,page_view,,,2026-05-03 02:15:33
773,28,page_view,,,2025-09-16 19:18:00
774,89,product_view,3.0,,2024-12-10 17:57:21
775,69,search,,skin care,2024-11-26 07:03:17
776,95,page_view,,,2026-02-09 03:11:26
777,87,product_view,4.0,,2025-07-27 19:22:21
778,56,page_view,,,2024-01-10 13:17:53
779,35,checkout,,,2025-10-04 16:20:27
780,46,product_view,10.0,,2026-06-26 07:37:16
781,44,purchase,3.0,,2024-09-03 22:06:58
782,80,page_view,,,2025-01-27 19:18:15
783,58,checkout,,,2024-06-29 10:44:00
784,69,page_view,,,2025-02-05 16:38:10
785,34,page_view,,,2025-08-10 06:07:13
786,27,product_view,15.0,,2024-10-29 07:51:10
787,93,page_view,,,2026-05-03 17:10:30
788,7,product_view,2.0,,2024-01-03 06:38:23
789,12,page_view,,,2025-05-08 10:53:20
790,22,product_view,9.0,,2025-10-27 20:09:15
791,19,product_view,4.0,,2025-07-20 19:04:25
792,80,page_view,,,2024-10-11 05:48:48
793,75,search,,fitness tracker,2026-01-02 14:42:32
794,88,page_view,,,2024-02-07 21:31:41
795,50,search,,skin care,2025-03-28 07:27:00
796,2,page_view,,,2026-03-31 14:07:49
797,69,page_view,,,2025-11-07 23:47:18
798,5,page_view,,,2026-04-03 02:00:14
799,47,page_view,,,2025-06-11 00:52:31
800,65,search,,wireless headphones,2026-08-03 12:47:06
801,95,page_view,,,2025-03-19 00:42:20
802,11,product_view,1.0,,2024-11-16 15:44:40
803,36,page_view,,,2024-12-19 05:15:51
804,27,product_view,9.0,,2025-11-18 11:00:26
805,92,page_view,,,2025-11-10 03:35:33
806,91,product_view,10.0,,2025-01-08 04:23:06
807,8,checkout,,,2026-04-19 07:19:17
808,36,product_view,31.0,,2024-12-15 09:25:01
809,67,checkout,,,2024-12-10 04:30:07
810,38,search,,office chair,2024-01-18 12:12:59
811,16,purchase,2.0,,2024-12-18 16:42:41
812,42,add_to_cart,25.0,,2026-02-01 23:31:45
813,72,page_view,,,2026-05-11 19:35:42
814,93,page_view,,,2025-07-11 15:38:19
815,68,search,,gaming keyboard,2026-07-06 13:49:19
816,8,page_view,,,2026-04-03 06:50:39
817,19,page_view,,,2024-08-01 00:06:50
818,22,page_view,,,2025-11-05 01:45:28
819,56,page_view,,,2026-02-13 04:05:43
820,26,page_view,,,2025-08-29 03:19:59
821,22,page_view,,,2024-02-12 05:09:20
822,9,page_view,,,2025-08-29 17:29:33
823,37,product_view,8.0,,2025-05-08 14:20:05
824,14,wishlist,6.0,,2024-09-01 21:09:12
825,29,wishlist,12.0,,2025-11-07 14:44:04
826,29,page_view,,,2026-05-13 14:26:35
827,84,product_view,5.0,,2025-02-18 06:09:08
828,42,checkout,,,2024-04-12 16:57:58
829,15,page_view,,,2024-10-01 16:35:11
830,90,page_view,,,2025-11-22 03:25:45
831,82,product_view,21.0,,2026-03-03 02:05:41
832,40,product_view,2.0,,2024-02-11 11:46:56
833,53,page_view,,,2024-08-29 18:43:05
834,69,add_to_cart,33.0,,2026-05-26 09:58:57
835,91,page_view,,,2025-10-29 09:33:37
836,15,wishlist,37.0,,2026-05-22 14:28:10
837,77,page_view,,,2026-03-05 22:40:44
838,67,product_view,21.0,,2026-07-11 04:27:06
839,57,checkout,,,2024-09-17 02:15:16
840,34,page_view,,,2026-04-21 02:51:52
841,34,page_view,,,2025-04-26 11:29:57
842,20,checkout,,,2024-08-14 23:54:57
843,56,add_to_cart,4.0,,2025-01-24 00:37:24
844,81,product_view,9.0,,2026-01-25 05:14:24
845,82,add_to_cart,10.0,,2024-10-29 23:10:56
846,56,product_view,5.0,,2025-12-01 05:20:22
847,1,page_view,,,2025-05-14 18:20:02
848,18,page_view,,,2025-11-22 13:50:52
849,63,page_view,,,2025-07-18 06:19:37
850,28,page_view,,,2026-07-11 10:32:35
851,25,product_view,6.0,,2026-05-23 17:30:31
852,34,product_view,10.0,,2026-07-26 16:34:48
853,37,product_view,5.0,,2025-03-20 00:01:34
854,71,page_view,,,2026-04-23 01:04:56
855,50,page_view,,,2024-07-27 20:05:26
856,57,page_view,,,2024-06-14 14:16:41
857,85,page_view,,,2025-02-15 22:20:51
858,78,product_view,38.0,,2024-07-22 07:07:27
859,55,product_view,6.0,,2025-01-09 18:01:55
860,96,product_view,29.0,,2026-06-04 00:15:19
861,59,product_view,4.0,,2026-05-17 17:01:51
862,57,product_view,3.0,,2026-05-09 04:26:37
863,55,search,,gaming keyboard,2026-07-03 08:57:56
864,16,page_view,,,2025-03-09 09:54:38
865,86,purchase,6.0,,2024-05-02 04:45:27
866,54,page_view,,,2024-12-26 10:46:44
867,80,product_view,1.0,,2026-08-17 19:20:47
868,25,checkout,,,2025-09-10 23:44:15
869,61,product_view,1.0,,2024-07-24 15:33:25
870,58,page_view,,,2025-06-08 19:38:52
871,90,page_view,,,2026-07-04 13:49:27
872,47,page_view,,,2024-05-19 08:08:21
873,74,page_view,,,2024-03-04 20:58:11
874,100,page_view,,,2024-01-12 20:36:54
875,45,product_view,7.0,,2024-03-16 05:24:05
876,94,page_view,,,2025-12-16 04:18:44
877,46,product_view,13.0,,2025-12-30 11:58:48
878,3,page_view,,,2026-07-16 20:09:26
879,20,product_view,4.0,,2025-08-08 15:38:01
880,27,checkout,,,2024-06-10 17:27:58
881,93,wishlist,10.0,,2024-05-03 19:08:53
882,34,page_view,,,2024-11-22 17:24:34
883,38,product_view,14.0,,2025-01-01 21:14:41
884,20,checkout,,,2024-02-09 08:32:53
885,42,product_view,11.0,,2025-02-12 23:23:27
886,45,product_view,25.0,,2024-01-17 19:12:24
887,19,page_view,,,2026-03-13 01:35:21
888,42,product_view,1.0,,2025-03-01 18:28:30
889,32,page_view,,,2024-11-11 07:10:14
890,26,page_view,,,2025-10-25 08:06:44
891,76,product_view,4.0,,2025-08-12 23:34:38
892,21,search,,coffee maker,2024-03-31 14:23:41
893,52,product_view,10.0,,2025-05-21 21:15:20
894,23,checkout,,,2025-08-30 06:02:13
895,88,page_view,,,2026-01-08 05:47:18
896,27,page_view,,,2024-12-01 13:39:33
897,56,page_view,,,2024-10-25 05:20:10
898,92,product_view,13.0,,2025-01-06 13:13:41
899,98,page_view,,,2024-06-04 09:25:43
900,84,product_view,10.0,,2026-07-28 04:25:25
901,54,page_view,,,2026-07-31 21:26:27
902,69,product_view,9.0,,2025-09-01 06:45:59
903,40,page_view,,,2026-07-25 18:07:39
904,90,page_view,,,2025-05-11 12:50:17
905,40,wishlist,6.0,,2025-10-12 09:55:03
906,50,search,,office chair,2024-07-03 16:02:35
907,99,page_view,,,2026-04-07 15:05:22
908,93,wishlist,8.0,,2025-12-08 14:59:37
909,78,page_view,,,2024-07-26 22:33:25
910,21,page_view,,,2024-05-27 23:32:30
911,85,product_view,4.0,,2024-09-09 23:51:51
912,38,page_view,,,2025-10-16 08:02:28
913,85,checkout,,,2025-09-12 17:01:12
914,43,checkout,,,2026-01-05 16:01:37
915,84,page_view,,,2025-08-14 01:53:52
916,7,add_to_cart,10.0,,2024-04-30 09:56:45
917,80,page_view,,,2026-03-01 22:46:10
918,79,page_view,,,2024-04-14 22:06:04
919,21,page_view,,,2024-09-17 19:20:36
920,70,page_view,,,2024-01-22 22:47:04
921,44,page_view,,,2025-09-30 12:59:44
922,21,wishlist,11.0,,2026-06-10 21:26:58
923,1,wishlist,8.0,,2024-04-17 13:44:49
924,67,page_view,,,2026-05-16 01:25:09
925,4,purchase,5.0,,2026-07-22 00:40:17
926,95,page_view,,,2025-04-15 03:42:44
927,79,page_view,,,2024-03-12 00:53:32
928,6,page_view,,,2024-05-06 03:19:16
929,81,add_to_cart,13.0,,2025-12-12 18:03:38
930,21,search,,office chair,2024-08-31 15:57:14
931,76,product_view,5.0,,2024-02-13 02:00:13
932,76,wishlist,12.0,,2026-03-16 13:56:31
933,97,wishlist,3.0,,2025-10-05 17:32:56
934,83,product_view,2.0,,2024-12-06 07:42:31
935,98,product_view,4.0,,2025-10-06 08:54:55
936,85,search,,gaming keyboard,2026-01-21 22:13:00
937,80,page_view,,,2024-11-09 01:32:59
938,60,page_view,,,2024-04-16 12:06:01
939,58,page_view,,,2024-04-12 03:28:48
940,41,wishlist,5.0,,2025-12-16 05:59:42
941,99,checkout,,,2025-12-24 02:37:11
942,46,page_view,,,2025-03-16 16:30:56
943,80,product_view,4.0,,2025-02-08 22:30:36
944,1,page_view,,,2026-08-25 16:54:54
945,15,page_view,,,2025-01-17 13:48:41
946,47,search,,fitness tracker,2024-04-26 10:53:32
947,70,product_view,6.0,,2024-04-07 23:17:17
948,83,page_view,,,2026-05-21 07:45:45
949,4,page_view,,,2026-08-19 04:54:47
950,51,wishlist,22.0,,2025-06-17 17:50:57
951,31,page_view,,,2026-08-03 00:52:37
952,3,page_view,,,2025-06-14 18:40:12
953,94,add_to_cart,3.0,,2026-04-11 16:47:05
954,2,search,,office chair,2026-01-21 11:24:56
955,30,product_view,1.0,,2024-07-05 16:51:54
956,59,page_view,,,2024-10-04 16:26:18
957,30,page_view,,,2026-03-17 02:17:29
958,41,search,,gaming keyboard,2024-06-08 05:07:07
959,57,product_view,5.0,,2025-06-21 19:58:03
960,22,product_view,2.0,,2025-05-12 04:29:57
961,3,page_view,,,2025-11-19 21:41:38
962,41,search,,coffee maker,2025-12-21 04:47:26
963,53,search,,office chair,2024-04-19 16:11:31
964,84,add_to_cart,2.0,,2024-04-22 19:17:38
965,18,wishlist,8.0,,2025-02-21 08:56:57
966,39,purchase,2.0,,2025-06-23 07:21:44
967,76,page_view,,,2024-10-30 02:48:33
968,34,product_view,3.0,,2025-02-14 21:18:01
969,41,product_view,10.0,,2024-08-03 17:21:21
970,20,page_view,,,2026-03-25 09:19:25
971,43,product_view,10.0,,2024-09-17 02:35:59
972,84,page_view,,,2024-10-31 08:08:36
973,39,checkout,,,2024-10-30 13:59:07
974,57,product_view,12.0,,2025-02-22 02:44:27
975,44,page_view,,,2024-03-11 16:50:01
976,42,product_view,9.0,,2024-02-29 17:17:26
977,76,purchase,18.0,,2025-02-23 12:05:27
978,62,product_view,20.0,,2024-06-14 16:29:31
979,94,search,,python book,2024-07-03 07:11:00
980,72,add_to_cart,13.0,,2026-07-16 16:27:28
981,15,product_view,4.0,,2025-05-02 07:11:33
982,9,search,,skin care,2026-07-07 22:13:53
983,86,page_view,,,2024-02-25 02:14:41
984,24,add_to_cart,12.0,,2024-09-29 15:41:07
985,97,page_view,,,2024-10-27 13:14:07
986,53,page_view,,,2026-02-08 13:33:12
987,97,product_view,1.0,,2024-07-23 00:36:13
988,46,product_view,16.0,,2026-05-09 15:36:53
989,79,page_view,,,2025-01-23 19:10:00
990,41,page_view,,,2026-07-02 17:11:16
991,77,page_view,,,2024-01-09 07:42:56
992,47,add_to_cart,1.0,,2025-02-06 03:03:28
993,44,product_view,2.0,,2024-11-15 19:00:50
994,99,page_view,,,2026-07-06 23:13:31
995,16,checkout,,,2025-05-05 04:44:54
996,51,checkout,,,2024-03-17 07:09:56
997,90,product_view,9.0,,2024-02-03 22:03:41
998,48,product_view,20.0,,2025-09-30 05:23:01
999,66,product_view,6.0,,2024-02-16 12:04:30
1000,69,page_view,,,2025-05-23 07:20:50
1001,45,search,,fitness tracker,2025-02-09 19:01:17
1002,3,page_view,,,2025-01-12 05:33:42
1003,52,page_view,,,2026-02-11 01:26:15
1004,29,search,,wireless headphones,2024-01-19 19:56:40
1005,18,search,,fitness tracker,2025-06-20 09:02:21
1006,78,add_to_cart,30.0,,2026-01-19 01:31:19
1007,30,product_view,3.0,,2026-02-17 12:57:28
1008,94,page_view,,,2024-01-04 21:18:09
1009,90,product_view,2.0,,2025-08-12 03:26:28
1010,92,product_view,1.0,,2026-06-14 00:26:19
1011,86,page_view,,,2026-01-27 21:08:45
1012,60,product_view,4.0,,2024-10-07 13:39:48
1013,61,checkout,,,2024-08-22 12:21:25
1014,87,page_view,,,2024-10-02 12:41:29
1015,78,checkout,,,2025-05-02 13:44:17
1016,40,product_view,28.0,,2024-08-12 03:54:26
1017,100,page_view,,,2025-06-20 11:24:34
1018,62,page_view,,,2025-12-18 23:13:23
1019,50,page_view,,,2025-02-08 01:15:59
1020,84,search,,running shoes,2025-11-07 22:50:17
1021,75,page_view,,,2025-08-05 15:24:33
1022,43,page_view,,,2024-02-07 23:21:46
1023,94,search,,skin care,2024-08-12 19:30:24
1024,12,checkout,,,2025-12-24 02:41:33
1025,15,page_view,,,2024-09-07 13:43:20
1026,1,page_view,,,2026-08-03 23:22:49
1027,85,product_view,15.0,,2024-11-29 21:45:28
1028,56,search,,skin care,2025-10-06 08:03:21
1029,61,product_view,18.0,,2025-07-10 17:02:40
1030,23,page_view,,,2026-02-10 08:24:01
1031,68,search,,gaming keyboard,2024-10-19 21:50:21
1032,88,page_view,,,2025-03-01 05:51:07
1033,96,page_view,,,2026-04-24 13:14:57
1034,42,page_view,,,2025-10-18 21:33:12
1035,92,product_view,17.0,,2025-03-19 08:24:36
1036,63,checkout,,,2026-07-12 19:15:36
1037,51,checkout,,,2025-01-24 04:55:14
1038,53,page_view,,,2025-09-10 06:14:25
1039,29,page_view,,,2025-08-28 10:55:09
1040,59,page_view,,,2024-10-26 12:49:30
1041,31,add_to_cart,5.0,,2024-01-02 11:34:37
1042,15,page_view,,,2025-07-30 11:40:05
1043,97,product_view,1.0,,2025-09-12 09:14:25
1044,88,page_view,,,2024-08-03 01:50:51
1045,32,product_view,12.0,,2026-01-22 15:48:33
1046,43,page_view,,,2026-04-22 12:52:19
1047,77,page_view,,,2024-02-19 08:37:27
1048,99,product_view,6.0,,2026-07-30 05:20:12
1049,4,page_view,,,2025-12-26 20:49:51
1050,17,page_view,,,2024-06-30 17:30:08
1051,71,page_view,,,2025-09-18 14:53:24
1052,12,product_view,10.0,,2025-01-08 16:27:50
1053,84,product_view,29.0,,2024-06-22 04:19:32
1054,61,page_view,,,2025-09-18 16:18:32
1055,69,page_view,,,2024-11-30 20:30:10
1056,31,wishlist,6.0,,2026-03-17 20:45:07
1057,24,product_view,1.0,,2025-05-10 22:11:18
1058,64,page_view,,,2024-03-10 11:29:23
1059,65,page_view,,,2024-09-10 00:15:56
1060,54,page_view,,,2024-05-06 06:49:48
1061,52,page_view,,,2026-08-21 04:35:24
1062,32,page_view,,,2026-08-01 09:06:18
1063,64,page_view,,,2025-10-28 09:58:37
1064,47,product_view,5.0,,2025-08-10 22:46:13
1065,87,page_view,,,2026-08-12 05:11:00
1066,35,page_view,,,2024-05-26 04:28:58
1067,66,product_view,7.0,,2025-04-23 07:38:46
1068,28,page_view,,,2026-06-19 23:48:39
1069,35,page_view,,,2026-06-18 11:46:48
1070,66,page_view,,,2025-04-26 16:31:53
1071,30,add_to_cart,1.0,,2025-08-04 00:54:19
1072,35,purchase,3.0,,2024-12-24 03:03:21
1073,48,search,,skin care,2024-08-10 16:08:04
1074,82,product_view,2.0,,2026-01-26 09:09:00
1075,61,search,,python book,2026-04-23 10:46:46
1076,25,page_view,,,2025-01-29 18:44:46
1077,78,page_view,,,2024-09-06 02:08:42
1078,83,product_view,5.0,,2024-07-06 00:16:27
1079,68,search,,wireless headphones,2025-07-21 11:45:10
1080,22,page_view,,,2024-05-25 12:49:07
1081,17,page_view,,,2025-02-17 06:37:52
1082,23,page_view,,,2025-06-19 16:46:36
1083,35,page_view,,,2024-05-15 10:04:50
1084,59,page_view,,,2024-05-05 14:29:01
1085,4,page_view,,,2025-08-21 17:15:04
1086,47,search,,running shoes,2024-03-28 17:10:34
1087,39,page_view,,,2024-01-04 08:52:17
1088,20,page_view,,,2024-03-29 12:45:08
1089,100,search,,wireless headphones,2024-10-10 11:49:51
1090,84,search,,skin care,2025-10-20 12:09:44
1091,45,purchase,5.0,,2026-06-20 02:37:50
1092,13,page_view,,,2024-04-17 05:21:37
1093,3,page_view,,,2025-06-01 17:51:32
1094,49,search,,wireless headphones,2024-09-23 18:06:05
1095,54,page_view,,,2024-02-07 18:50:20
1096,79,page_view,,,2025-09-14 17:28:06
1097,67,page_view,,,2025-12-13 17:23:14
1098,86,page_view,,,2025-07-06 16:43:12
1099,70,add_to_cart,17.0,,2026-02-10 13:05:20
1100,52,page_view,,,2025-12-04 19:16:50
1101,79,search,,python book,2024-05-13 21:04:55
1102,24,page_view,,,2025-04-23 03:59:09
1103,16,page_view,,,2025-01-17 21:53:30
1104,60,page_view,,,2026-03-03 06:28:41
1105,16,page_view,,,2025-10-10 17:49:44
1106,43,search,,coffee maker,2026-08-16 02:24:05
1107,57,page_view,,,2026-07-15 02:28:10
1108,27,product_view,16.0,,2026-08-01 01:57:18
1109,68,page_view,,,2025-05-08 10:45:38
1110,16,add_to_cart,3.0,,2026-02-16 07:07:28
1111,60,page_view,,,2025-07-10 22:59:55
1112,14,product_view,3.0,,2024-09-02 05:38:40
1113,62,product_view,5.0,,2026-04-19 19:39:07
1114,81,add_to_cart,5.0,,2026-05-12 13:19:56
1115,75,product_view,10.0,,2025-04-07 11:27:29
1116,59,page_view,,,2025-08-07 07:11:21
1117,41,page_view,,,2026-07-15 06:43:21
1118,74,page_view,,,2024-05-04 09:27:09
1119,79,product_view,1.0,,2024-01-25 18:55:28
1120,27,add_to_cart,19.0,,2026-06-04 09:12:12
1121,100,product_view,34.0,,2025-07-30 22:46:20
1122,36,add_to_cart,17.0,,2024-11-01 05:08:48
1123,78,add_to_cart,6.0,,2024-03-27 09:36:04
1124,76,search,,skin care,2026-08-24 21:06:49
1125,59,product_view,33.0,,2026-05-03 12:05:24
1126,18,checkout,,,2024-01-16 01:32:26
1127,67,page_view,,,2025-06-25 13:43:49
1128,57,page_view,,,2024-12-04 01:57:31
1129,57,search,,skin care,2026-07-02 04:10:49
1130,58,page_view,,,2025-11-07 09:29:42
1131,14,page_view,,,2026-05-23 14:22:40
1132,33,product_view,18.0,,2026-01-28 05:20:04
1133,60,search,,running shoes,2026-08-09 06:34:30
1134,40,page_view,,,2024-09-05 03:14:58
1135,74,product_view,3.0,,2025-08-04 07:07:37
1136,89,checkout,,,2026-07-28 06:04:37
1137,33,page_view,,,2024-07-20 18:58:34
1138,39,add_to_cart,10.0,,2024-01-24 01:37:16
1139,51,page_view,,,2025-04-05 20:09:24
1140,41,page_view,,,2025-04-29 15:33:37
1141,77,add_to_cart,1.0,,2025-06-19 00:56:13
1142,78,page_view,,,2026-03-01 07:18:10
1143,98,product_view,3.0,,2026-05-06 08:14:00
1144,50,product_view,29.0,,2026-02-19 15:13:25
1145,12,product_view,2.0,,2024-01-25 16:58:36
1146,5,product_view,17.0,,2025-06-02 00:51:55
1147,30,product_view,15.0,,2026-02-02 05:12:48
1148,25,page_view,,,2025-05-25 02:52:26
1149,57,page_view,,,2024-08-20 22:54:40
1150,32,page_view,,,2024-03-23 04:31:44
1151,42,search,,coffee maker,2025-11-09 08:16:02
1152,34,page_view,,,2026-07-12 21:53:04
1153,41,search,,fitness tracker,2025-03-07 16:53:39
1154,24,page_view,,,2024-09-17 12:01:02
1155,27,page_view,,,2025-08-27 18:48:09
1156,44,page_view,,,2025-11-17 12:50:54
1157,95,add_to_cart,15.0,,2024-08-01 11:23:49
1158,42,search,,python book,2024-01-07 01:45:55
1159,35,page_view,,,2025-08-25 11:16:30
1160,26,checkout,,,2025-12-30 19:48:59
1161,38,page_view,,,2026-04-30 14:39:08
1162,84,page_view,,,2024-09-30 12:45:09
1163,97,search,,gaming keyboard,2026-07-22 22:34:58
1164,22,page_view,,,2025-07-31 10:29:39
1165,31,page_view,,,2026-06-28 03:20:32
1166,12,page_view,,,2024-09-14 18:21:37
1167,88,product_view,1.0,,2026-02-04 21:42:34
1168,73,page_view,,,2025-03-03 03:47:22
1169,24,product_view,5.0,,2024-10-14 04:14:03
1170,97,page_view,,,2025-12-04 08:55:53
1171,22,product_view,1.0,,2025-10-17 15:18:31
1172,62,page_view,,,2026-08-11 09:00:20
1173,28,product_view,5.0,,2025-11-18 03:39:18
1174,17,product_view,5.0,,2025-12-03 21:54:36
1175,77,add_to_cart,6.0,,2025-06-04 23:08:34
1176,83,page_view,,,2024-05-06 07:09:17
1177,77,page_view,,,2024-03-17 04:36:22
1178,92,product_view,11.0,,2026-01-28 12:46:47
1179,86,product_view,19.0,,2025-07-08 11:57:47
1180,60,search,,office chair,2024-09-30 21:44:27
1181,98,page_view,,,2024-04-22 09:16:40
1182,16,page_view,,,2026-05-09 19:53:51
1183,15,page_view,,,2024-02-09 10:16:36
1184,83,add_to_cart,7.0,,2026-06-28 02:36:39
1185,98,product_view,22.0,,2024-05-19 05:54:19
1186,4,page_view,,,2025-04-21 15:52:38
1187,1,product_view,2.0,,2026-04-27 13:08:50
1188,87,page_view,,,2025-11-08 16:36:27
1189,45,product_view,24.0,,2024-03-02 07:10:53
1190,22,add_to_cart,12.0,,2026-08-06 02:10:05
1191,40,product_view,19.0,,2025-05-20 07:16:45
1192,27,wishlist,8.0,,2026-08-25 19:49:05
1193,73,product_view,16.0,,2024-01-30 19:50:51
1194,93,page_view,,,2024-01-23 08:38:39
1195,34,wishlist,6.0,,2024-03-31 21:18:01
1196,32,page_view,,,2025-03-26 13:16:49
1197,91,product_view,5.0,,2024-10-14 01:03:56
1198,91,page_view,,,2024-04-18 16:58:49
1199,37,product_view,4.0,,2024-01-04 01:34:21
1200,48,page_view,,,2024-09-14 10:50:44
1201,100,page_view,,,2025-04-05 02:08:26
1202,39,wishlist,17.0,,2025-07-20 06:36:51
1203,84,wishlist,11.0,,2024-07-17 23:52:41
1204,20,add_to_cart,21.0,,2024-02-02 13:16:24
1205,92,page_view,,,2024-06-25 18:54:22
1206,32,product_view,5.0,,2024-07-09 07:55:21
1207,60,product_view,5.0,,2025-09-23 05:11:22
1208,7,product_view,13.0,,2024-11-09 04:39:58
1209,75,page_view,,,2024-12-07 19:38:39
1210,44,page_view,,,2025-11-01 22:21:19
1211,34,page_view,,,2025-07-15 08:39:17
1212,86,page_view,,,2024-04-24 21:11:45
1213,3,page_view,,,2025-06-17 06:23:28
1214,60,product_view,6.0,,2026-03-09 22:12:04
1215,67,product_view,2.0,,2026-07-14 05:20:34
1216,9,product_view,7.0,,2024-08-04 02:48:27
1217,39,product_view,36.0,,2025-01-02 07:32:26
1218,99,product_view,14.0,,2025-05-21 13:46:07
1219,74,product_view,3.0,,2025-05-30 10:46:41
1220,32,page_view,,,2026-03-01 16:20:28
1221,99,page_view,,,2025-12-19 11:56:38
1222,80,page_view,,,2025-04-07 09:42:29
1223,85,page_view,,,2024-05-17 13:37:26
1224,100,add_to_cart,11.0,,2025-08-25 05:50:00
1225,97,add_to_cart,5.0,,2024-05-20 20:38:15
1226,48,page_view,,,2026-07-22 08:30:56
1227,62,page_view,,,2024-07-23 15:35:22
1228,4,search,,wireless headphones,2024-01-29 10:04:32
1229,13,page_view,,,2025-07-26 09:51:51
1230,70,product_view,11.0,,2025-12-31 07:34:33
1231,95,page_view,,,2024-05-22 00:45:43
1232,95,page_view,,,2024-02-20 16:13:12
1233,55,product_view,3.0,,2024-02-18 06:30:18
1234,46,page_view,,,2024-07-30 02:42:29
1235,13,page_view,,,2024-12-02 16:33:32
1236,53,checkout,,,2025-12-12 11:16:49
1237,5,page_view,,,2026-06-09 03:52:55
1238,11,page_view,,,2024-07-22 09:46:49
1239,5,add_to_cart,13.0,,2024-11-12 23:47:10
1240,58,product_view,6.0,,2026-07-01 14:41:33
1241,44,page_view,,,2024-05-01 17:19:06
1242,31,page_view,,,2024-12-31 16:15:01
1243,42,page_view,,,2024-01-25 09:38:30
1244,91,purchase,8.0,,2024-02-14 11:53:19
1245,58,page_view,,,2026-01-23 10:53:59
1246,43,page_view,,,2025-08-20 09:37:20
1247,74,search,,coffee maker,2024-05-04 23:38:27
1248,49,product_view,16.0,,2025-12-27 11:25:52
1249,66,page_view,,,2024-04-24 07:01:16
1250,94,page_view,,,2025-05-21 16:56:19
1251,49,page_view,,,2025-01-19 13:34:10
1252,29,page_view,,,2024-08-26 17:44:10
1253,50,page_view,,,2025-06-14 23:05:49
1254,75,page_view,,,2025-03-11 00:38:40
1255,3,add_to_cart,11.0,,2026-06-24 09:59:37
1256,26,search,,running shoes,2024-01-10 22:41:29
1257,78,page_view,,,2025-01-05 10:21:12
1258,11,page_view,,,2026-02-14 17:51:17
1259,90,purchase,17.0,,2026-08-13 17:21:26
1260,17,checkout,,,2026-05-09 07:52:03
1261,8,product_view,1.0,,2024-11-20 23:30:47
1262,83,purchase,17.0,,2026-02-06 18:45:36
1263,27,page_view,,,2025-01-15 15:23:09
1264,80,product_view,26.0,,2026-01-15 02:46:59
1265,25,page_view,,,2024-10-24 05:16:36
1266,69,search,,skin care,2026-07-25 00:09:24
1267,30,product_view,1.0,,2026-01-12 06:04:18
1268,97,product_view,7.0,,2024-12-30 22:47:46
1269,37,product_view,19.0,,2024-08-11 05:48:01
1270,2,product_view,17.0,,2024-11-29 07:42:15
1271,83,page_view,,,2024-12-14 12:56:32
1272,21,page_view,,,2026-05-26 14:31:11
1273,43,purchase,2.0,,2025-12-12 16:56:04
1274,22,page_view,,,2026-04-08 04:08:20
1275,72,page_view,,,2025-12-16 20:28:09
1276,49,add_to_cart,1.0,,2026-06-02 17:24:29
1277,76,wishlist,11.0,,2025-11-17 14:25:15
1278,2,add_to_cart,1.0,,2024-02-13 09:41:46
1279,32,wishlist,31.0,,2024-08-10 23:48:20
1280,45,page_view,,,2025-04-09 04:39:57
1281,49,page_view,,,2025-08-12 20:56:27
1282,7,page_view,,,2025-06-29 04:23:27
1283,8,page_view,,,2024-04-12 20:47:18
1284,81,page_view,,,2025-11-16 05:15:09
1285,16,page_view,,,2026-01-15 02:25:58
1286,73,product_view,2.0,,2026-06-28 07:01:40
1287,79,page_view,,,2024-04-13 05:52:36
1288,85,page_view,,,2025-07-09 18:47:05
1289,47,add_to_cart,28.0,,2025-06-29 08:13:16
1290,93,page_view,,,2025-09-17 16:06:18
1291,57,page_view,,,2026-06-06 13:42:45
1292,78,checkout,,,2024-06-16 10:05:02
1293,89,page_view,,,2026-07-13 18:38:23
1294,13,search,,wireless headphones,2024-05-19 06:46:44
1295,44,product_view,7.0,,2024-05-12 17:55:16
1296,54,product_view,1.0,,2025-05-15 01:13:59
1297,88,product_view,1.0,,2025-08-08 23:28:42
1298,38,product_view,12.0,,2024-06-07 19:52:43
1299,43,product_view,10.0,,2025-02-13 15:30:07
1300,32,page_view,,,2026-04-04 00:06:05
1301,59,page_view,,,2026-03-25 17:09:31
1302,64,product_view,6.0,,2024-10-23 20:00:13
1303,98,page_view,,,2025-11-11 01:32:08
1304,78,product_view,5.0,,2025-10-26 17:26:42
1305,25,page_view,,,2025-10-30 18:43:24
1306,99,product_view,11.0,,2026-02-05 01:40:37
1307,74,page_view,,,2024-09-29 00:38:55
1308,64,product_view,16.0,,2024-02-04 06:18:05
1309,40,search,,skin care,2026-06-29 18:21:40
1310,4,add_to_cart,1.0,,2026-01-20 02:22:00
1311,70,checkout,,,2025-06-10 13:46:03
1312,87,purchase,3.0,,2024-07-30 03:30:21
1313,34,page_view,,,2026-04-10 11:08:53
1314,36,product_view,28.0,,2025-02-11 00:53:41
1315,48,product_view,24.0,,2024-11-23 19:37:34
1316,25,page_view,,,2024-08-21 08:28:31
1317,63,add_to_cart,9.0,,2024-05-01 05:04:05
1318,18,product_view,10.0,,2025-12-23 20:58:24
1319,87,search,,coffee maker,2025-10-12 04:29:35
1320,67,product_view,9.0,,2025-09-26 11:08:02
1321,78,product_view,8.0,,2025-11-22 17:09:36
1322,13,product_view,12.0,,2025-10-08 08:12:50
1323,71,page_view,,,2024-12-13 14:40:08
1324,97,add_to_cart,9.0,,2026-02-22 09:38:22
1325,45,product_view,38.0,,2025-12-18 01:34:35
1326,6,page_view,,,2024-11-28 13:38:47
1327,41,product_view,17.0,,2024-07-16 13:08:15
1328,14,page_view,,,2024-08-28 16:31:40
1329,37,product_view,3.0,,2026-03-23 18:16:28
1330,59,page_view,,,2026-06-29 18:31:34
1331,20,page_view,,,2025-06-25 12:52:29
1332,76,product_view,3.0,,2024-06-21 13:30:49
1333,18,product_view,4.0,,2026-07-12 11:40:33
1334,72,page_view,,,2024-05-20 13:01:28
1335,68,page_view,,,2025-05-27 09:02:57
1336,35,checkout,,,2024-11-17 06:00:51
1337,61,product_view,9.0,,2026-02-19 01:35:53
1338,14,page_view,,,2024-02-05 04:17:43
1339,78,checkout,,,2025-07-25 09:15:29
1340,88,page_view,,,2024-04-17 06:34:09
1341,19,checkout,,,2024-06-02 04:48:43
1342,24,page_view,,,2026-03-19 14:54:03
1343,93,page_view,,,2025-06-25 13:47:53
1344,68,page_view,,,2024-06-01 00:27:53
1345,80,page_view,,,2024-03-21 06:55:13
1346,98,product_view,16.0,,2025-09-12 07:42:57
1347,99,checkout,,,2025-12-01 13:10:56
1348,36,purchase,11.0,,2025-08-09 17:57:58
1349,98,product_view,8.0,,2024-09-02 03:12:11
1350,96,wishlist,6.0,,2025-02-21 22:43:29
1351,16,product_view,1.0,,2026-05-11 03:34:06
1352,17,page_view,,,2025-08-18 02:35:30
1353,77,page_view,,,2026-08-09 10:40:38
1354,70,product_view,11.0,,2024-07-30 04:57:39
1355,94,product_view,10.0,,2025-07-18 16:36:03
1356,19,product_view,1.0,,2024-06-04 14:11:19
1357,24,page_view,,,2025-02-28 00:25:35
1358,81,page_view,,,2025-05-27 22:23:29
1359,83,page_view,,,2026-05-11 07:35:20
1360,31,page_view,,,2026-04-09 21:59:30
1361,85,page_view,,,2025-09-03 19:36:51
1362,52,page_view,,,2026-06-24 13:46:12
1363,11,page_view,,,2025-05-10 12:45:39
1364,82,page_view,,,2025-01-16 12:59:44
1365,1,checkout,,,2025-09-14 07:13:55
1366,50,wishlist,5.0,,2025-03-24 20:34:42
1367,30,product_view,2.0,,2024-08-17 03:58:15
1368,99,checkout,,,2024-09-27 10:36:47
1369,50,product_view,4.0,,2025-05-25 07:00:59
1370,68,product_view,9.0,,2025-05-14 03:32:44
1371,96,page_view,,,2026-06-14 03:57:39
1372,63,page_view,,,2025-09-23 03:30:23
1373,7,page_view,,,2024-01-21 06:49:37
1374,64,product_view,13.0,,2025-08-30 16:12:01
1375,22,page_view,,,2024-05-16 10:54:10
1376,63,product_view,9.0,,2025-03-10 05:53:53
1377,68,page_view,,,2026-02-28 00:15:05
1378,64,page_view,,,2024-01-23 15:42:24
1379,40,product_view,1.0,,2025-02-10 02:08:20
1380,56,page_view,,,2024-06-02 16:22:37
1381,46,page_view,,,2024-04-26 05:32:05
1382,72,page_view,,,2026-07-24 05:23:19
1383,52,search,,fitness tracker,2024-11-26 20:29:56
1384,2,product_view,16.0,,2024-11-13 23:57:33
1385,14,product_view,2.0,,2024-04-11 21:55:04
1386,30,product_view,8.0,,2025-09-12 05:30:26
1387,19,page_view,,,2025-10-29 17:27:03
1388,55,product_view,3.0,,2025-06-10 05:34:06
1389,70,page_view,,,2026-03-17 04:23:09
1390,57,product_view,9.0,,2026-07-08 14:03:19
1391,99,page_view,,,2025-09-22 22:37:56
1392,24,product_view,3.0,,2025-11-07 06:54:47
1393,6,page_view,,,2024-05-16 00:14:38
1394,70,product_view,14.0,,2024-03-10 00:46:49
1395,17,search,,gaming keyboard,2026-07-14 21:19:23
1396,75,search,,running shoes,2025-11-13 22:33:27
1397,23,page_view,,,2024-09-19 22:46:56
1398,45,search,,skin care,2025-12-30 23:14:55
1399,69,page_view,,,2024-08-13 07:56:31
1400,65,page_view,,,2026-08-31 13:42:33
1401,68,product_view,4.0,,2026-02-26 19:52:57
1402,73,page_view,,,2026-05-06 21:28:28
1403,100,add_to_cart,8.0,,2024-04-08 12:12:14
1404,43,product_view,3.0,,2024-02-24 10:59:04
1405,5,search,,fitness tracker,2024-10-20 03:54:47
1406,51,add_to_cart,19.0,,2025-10-17 01:52:16
1407,43,page_view,,,2025-11-20 22:20:53
1408,55,page_view,,,2025-01-20 08:38:03
1409,76,page_view,,,2025-01-31 20:02:02
1410,53,search,,wireless headphones,2024-09-16 23:10:44
1411,96,wishlist,22.0,,2026-08-27 13:07:48
1412,28,checkout,,,2025-05-04 22:16:10
1413,56,page_view,,,2025-06-04 13:20:52
1414,11,product_view,13.0,,2025-03-24 09:41:45
1415,12,product_view,1.0,,2025-01-30 22:26:07
1416,96,page_view,,,2025-08-09 03:22:52
1417,91,add_to_cart,22.0,,2024-01-06 11:54:46
1418,10,page_view,,,2024-02-26 10:44:58
1419,6,search,,running shoes,2025-10-18 01:23:34
1420,91,page_view,,,2025-06-19 20:21:43
1421,47,page_view,,,2024-03-07 03:40:32
1422,32,page_view,,,2024-08-02 14:38:28
1423,12,checkout,,,2024-01-06 06:42:53
1424,51,page_view,,,2024-10-26 10:09:42
1425,76,wishlist,17.0,,2025-02-24 14:42:10
1426,58,page_view,,,2026-03-03 01:40:52
1427,86,search,,skin care,2024-01-02 15:37:56
1428,49,page_view,,,2025-09-13 02:04:10
1429,61,page_view,,,2026-04-04 01:27:15
1430,74,purchase,8.0,,2024-02-16 08:54:35
1431,31,search,,office chair,2024-03-02 05:45:57
1432,28,product_view,30.0,,2024-09-01 16:52:12
1433,30,page_view,,,2026-02-17 23:50:23
1434,40,page_view,,,2024-06-20 15:17:05
1435,59,page_view,,,2025-03-01 04:19:49
1436,34,product_view,8.0,,2025-08-29 11:01:06
1437,39,product_view,12.0,,2025-12-27 19:17:00
1438,4,product_view,24.0,,2026-02-11 09:56:46
1439,84,page_view,,,2024-08-21 22:57:37
1440,92,page_view,,,2026-05-18 19:20:39
1441,3,product_view,7.0,,2026-08-11 17:59:22
1442,6,page_view,,,2025-05-25 17:41:05
1443,25,add_to_cart,1.0,,2024-01-21 17:40:48
1444,94,page_view,,,2024-10-11 01:24:32
1445,54,page_view,,,2026-07-24 15:38:49
1446,40,page_view,,,2025-11-06 20:53:53
1447,38,search,,wireless headphones,2025-12-03 08:45:57
1448,55,search,,running shoes,2024-04-14 09:51:46
1449,12,product_view,13.0,,2024-11-05 19:32:55
1450,41,product_view,12.0,,2024-06-25 17:23:39
1451,23,product_view,11.0,,2025-03-04 05:08:48
1452,60,page_view,,,2024-12-31 16:13:33
1453,91,page_view,,,2026-03-22 02:54:00
1454,29,page_view,,,2024-02-04 13:06:36
1455,20,product_view,1.0,,2024-06-03 06:52:54
1456,95,page_view,,,2024-02-26 07:48:52
1457,5,product_view,13.0,,2024-02-25 17:33:07
1458,26,add_to_cart,13.0,,2024-08-06 04:53:41
1459,6,page_view,,,2024-11-13 18:25:34
1460,79,page_view,,,2024-10-29 16:12:07
1461,63,page_view,,,2024-11-25 23:12:23
1462,35,page_view,,,2024-06-18 18:44:21
1463,1,page_view,,,2024-04-02 21:13:19
1464,75,wishlist,9.0,,2026-03-09 16:43:40
1465,45,page_view,,,2025-03-30 01:06:50
1466,85,product_view,7.0,,2026-06-04 16:30:55
1467,52,search,,running shoes,2024-08-06 16:35:36
1468,71,product_view,21.0,,2025-02-07 00:12:30
1469,58,page_view,,,2024-06-14 01:46:52
1470,86,checkout,,,2025-03-28 14:16:36
1471,82,page_view,,,2024-07-25 23:54:09
1472,64,page_view,,,2025-07-08 13:16:26
1473,99,page_view,,,2026-03-24 09:17:24
1474,38,page_view,,,2026-01-01 06:05:52
1475,42,page_view,,,2025-11-11 18:03:29
1476,16,page_view,,,2025-06-01 02:16:52
1477,95,product_view,8.0,,2025-10-03 04:00:58
1478,51,page_view,,,2025-07-22 12:00:52
1479,30,wishlist,1.0,,2024-02-28 22:30:33
1480,43,page_view,,,2024-10-29 18:52:03
1481,34,wishlist,1.0,,2024-06-10 22:12:19
1482,83,product_view,4.0,,2025-11-26 04:51:29
1483,36,search,,python book,2025-10-18 20:41:13
1484,53,page_view,,,2024-06-19 22:36:25
1485,24,page_view,,,2026-07-20 15:30:53
1486,44,page_view,,,2024-12-02 14:23:43
1487,87,search,,office chair,2026-01-23 18:28:27
1488,4,wishlist,10.0,,2026-01-03 12:05:28
1489,1,add_to_cart,9.0,,2024-01-11 22:24:37
1490,83,product_view,18.0,,2025-02-09 16:37:49
1491,33,page_view,,,2026-06-16 08:18:15
1492,21,product_view,8.0,,2025-08-28 14:22:47
1493,1,product_view,17.0,,2025-11-21 12:09:19
1494,32,add_to_cart,2.0,,2025-07-21 15:12:57
1495,94,page_view,,,2026-05-16 23:55:40
1496,33,page_view,,,2025-01-18 13:32:32
1497,30,page_view,,,2025-02-06 18:52:50
1498,90,page_view,,,2025-09-18 12:49:04
1499,56,page_view,,,2025-08-02 02:23:09
1500,10,checkout,,,2025-12-12 15:56:53
1501,70,search,,wireless headphones,2025-03-26 12:12:18
1502,76,product_view,8.0,,2024-03-14 01:46:54
1503,21,add_to_cart,4.0,,2024-05-08 06:49:45
1504,2,search,,python book,2025-01-04 16:56:48
1505,62,page_view,,,2026-05-29 14:07:37
1506,79,product_view,5.0,,2024-07-13 00:51:03
1507,75,page_view,,,2026-03-08 00:27:06
1508,64,product_view,1.0,,2025-07-16 23:51:51
1509,34,product_view,13.0,,2026-03-04 14:52:00
1510,48,search,,running shoes,2024-05-10 01:36:47
1511,45,page_view,,,2024-08-23 11:01:54
1512,78,page_view,,,2025-03-14 02:42:48
1513,98,page_view,,,2025-07-04 00:14:30
1514,8,product_view,3.0,,2024-12-29 04:36:00
1515,54,product_view,2.0,,2026-05-05 23:37:34
1516,59,product_view,2.0,,2024-11-23 12:21:56
1517,71,add_to_cart,2.0,,2026-02-09 03:01:14
1518,42,page_view,,,2024-09-30 08:33:53
1519,99,product_view,11.0,,2026-01-05 23:00:54
1520,62,search,,fitness tracker,2025-09-17 08:08:53
1521,56,page_view,,,2024-11-22 11:47:11
1522,35,page_view,,,2025-04-23 03:21:36
1523,39,page_view,,,2024-12-12 00:31:00
1524,31,page_view,,,2024-06-07 08:57:42
1525,36,product_view,14.0,,2025-04-13 13:32:59
1526,21,page_view,,,2025-11-14 07:17:28
1527,39,page_view,,,2024-06-02 05:23:56
1528,98,page_view,,,2025-06-17 07:39:10
1529,46,product_view,1.0,,2025-12-07 02:13:13
1530,17,wishlist,2.0,,2026-08-23 15:14:32
1531,56,page_view,,,2026-02-10 12:42:42
1532,73,page_view,,,2026-07-02 06:50:02
1533,82,purchase,3.0,,2024-10-30 00:00:28
1534,13,wishlist,2.0,,2026-03-27 21:06:09
1535,21,product_view,15.0,,2025-09-25 21:08:36
1536,73,page_view,,,2025-10-01 23:59:13
1537,54,add_to_cart,11.0,,2026-07-06 16:54:36
1538,53,product_view,1.0,,2024-07-18 11:59:14
1539,34,product_view,5.0,,2025-08-30 16:37:38
1540,48,product_view,7.0,,2026-07-28 23:05:28
1541,4,page_view,,,2025-11-18 15:13:07
1542,3,product_view,6.0,,2026-02-26 20:08:50
1543,45,page_view,,,2024-06-17 21:26:13
1544,39,search,,gaming keyboard,2026-08-04 19:06:41
1545,89,product_view,18.0,,2025-03-18 01:41:16
1546,29,wishlist,6.0,,2025-07-11 06:31:48
1547,97,page_view,,,2024-10-17 02:32:06
1548,65,wishlist,5.0,,2025-05-26 09:00:35
1549,81,page_view,,,2025-11-02 17:53:37
1550,25,page_view,,,2025-06-26 00:13:08
1551,72,product_view,8.0,,2026-08-14 05:24:40
1552,66,checkout,,,2024-05-08 03:06:56
1553,66,search,,office chair,2025-11-09 21:27:33
1554,83,page_view,,,2024-06-14 11:55:36
1555,66,page_view,,,2025-10-11 04:09:45
1556,15,product_view,22.0,,2024-10-22 15:50:59
1557,76,checkout,,,2024-02-05 23:00:26
1558,14,page_view,,,2025-03-15 23:23:57
1559,77,wishlist,18.0,,2026-01-20 19:32:50
1560,66,page_view,,,2026-01-18 07:50:42
1561,18,add_to_cart,5.0,,2026-07-11 08:14:20
1562,38,page_view,,,2026-03-04 07:49:37
1563,45,page_view,,,2026-04-18 00:00:42
1564,44,checkout,,,2024-05-07 13:01:23
1565,29,page_view,,,2025-03-14 00:26:15
1566,8,page_view,,,2024-11-14 02:10:15
1567,5,page_view,,,2024-05-03 05:33:15
1568,31,page_view,,,2024-04-24 22:48:12
1569,67,page_view,,,2024-04-30 21:44:09
1570,88,page_view,,,2025-04-22 11:36:23
1571,64,product_view,3.0,,2026-04-02 07:31:11
1572,74,product_view,5.0,,2026-07-19 01:06:39
1573,90,search,,wireless headphones,2025-10-28 07:43:02
1574,89,product_view,27.0,,2024-05-14 18:22:19
1575,1,page_view,,,2025-02-08 10:00:32
1576,73,page_view,,,2025-10-20 18:50:05
1577,90,page_view,,,2024-05-28 08:09:48
1578,45,page_view,,,2024-12-08 06:57:26
1579,49,search,,gaming keyboard,2024-11-05 21:45:23
1580,75,page_view,,,2024-01-03 13:27:26
1581,36,product_view,2.0,,2024-12-31 18:56:23
1582,96,wishlist,19.0,,2026-05-09 21:25:36
1583,15,product_view,5.0,,2024-05-22 19:57:24
1584,89,page_view,,,2024-08-23 05:16:43
1585,74,page_view,,,2025-10-30 12:29:58
1586,74,page_view,,,2025-07-30 15:51:44
1587,60,product_view,3.0,,2026-04-30 06:45:29
1588,5,page_view,,,2025-12-27 02:07:53
1589,70,page_view,,,2025-07-18 08:16:30
1590,25,page_view,,,2024-04-20 22:45:57
1591,68,page_view,,,2024-04-25 04:19:17
1592,48,page_view,,,2024-12-11 22:06:10
1593,40,product_view,11.0,,2024-04-06 01:12:45
1594,81,product_view,16.0,,2024-08-14 10:06:35
1595,51,product_view,10.0,,2025-04-20 00:55:53
1596,52,page_view,,,2026-08-23 06:11:40
1597,6,page_view,,,2024-12-15 11:49:43
1598,42,page_view,,,2024-01-17 13:33:37
1599,18,product_view,13.0,,2025-11-16 12:26:16
1600,1,page_view,,,2024-02-13 16:45:47
1601,43,product_view,12.0,,2026-02-21 19:52:20
1602,71,search,,gaming keyboard,2025-12-06 20:12:43
1603,74,page_view,,,2025-03-01 01:31:06
1604,11,product_view,16.0,,2024-12-17 10:08:57
1605,34,page_view,,,2026-05-10 18:45:17
1606,69,search,,running shoes,2024-03-11 04:15:04
1607,52,page_view,,,2024-12-16 23:55:11
1608,30,page_view,,,2024-08-29 05:39:07
1609,77,page_view,,,2024-11-24 13:30:12
1610,79,page_view,,,2026-03-30 09:20:05
1611,81,wishlist,17.0,,2024-02-06 02:44:37
1612,99,wishlist,5.0,,2025-02-09 16:35:52
1613,18,add_to_cart,6.0,,2024-10-25 10:51:36
1614,38,wishlist,20.0,,2024-04-17 23:11:38
1615,12,page_view,,,2024-03-05 20:05:31
1616,31,page_view,,,2024-04-11 11:21:18
1617,24,search,,python book,2025-07-25 05:21:28
1618,72,add_to_cart,11.0,,2025-11-09 07:06:27
1619,36,page_view,,,2024-10-24 03:13:27
1620,16,page_view,,,2025-12-25 10:18:06
1621,5,purchase,13.0,,2024-08-14 20:15:37
1622,79,checkout,,,2025-03-02 14:28:05
1623,20,page_view,,,2024-11-18 21:22:04
1624,19,product_view,2.0,,2026-05-18 04:24:57
1625,31,search,,office chair,2026-04-03 20:42:53
1626,35,page_view,,,2025-02-22 15:58:38
1627,47,page_view,,,2025-12-21 06:35:13
1628,59,purchase,4.0,,2024-07-18 13:45:05
1629,41,product_view,22.0,,2025-08-18 10:32:23
1630,61,product_view,2.0,,2024-07-25 16:52:37
1631,19,page_view,,,2024-05-08 10:25:33
1632,49,product_view,50.0,,2024-08-31 17:05:45
1633,8,page_view,,,2026-04-06 03:14:39
1634,51,checkout,,,2024-06-22 10:01:02
1635,91,product_view,3.0,,2026-02-25 19:25:52
1636,59,page_view,,,2025-05-23 00:04:21
1637,72,page_view,,,2024-08-17 11:10:09
1638,38,add_to_cart,6.0,,2024-02-26 20:17:04
1639,70,page_view,,,2025-06-25 11:22:20
1640,19,wishlist,11.0,,2025-10-12 22:18:32
1641,4,product_view,16.0,,2024-10-29 11:20:16
1642,98,page_view,,,2026-08-20 22:51:13
1643,5,add_to_cart,9.0,,2025-01-16 00:42:41
1644,57,page_view,,,2024-10-25 19:53:00
1645,45,product_view,9.0,,2024-09-14 20:40:09
1646,75,page_view,,,2025-06-13 16:19:36
1647,76,product_view,13.0,,2025-04-17 21:30:40
1648,71,search,,office chair,2025-06-10 20:27:03
1649,20,product_view,1.0,,2026-01-15 05:15:17
1650,90,page_view,,,2026-02-10 00:36:44
1651,50,purchase,3.0,,2026-02-21 00:28:09
1652,55,page_view,,,2024-04-18 07:03:52
1653,73,search,,skin care,2025-07-04 08:54:29
1654,26,product_view,1.0,,2025-03-22 16:21:47
1655,50,page_view,,,2025-08-21 21:42:19
1656,82,search,,wireless headphones,2024-10-27 02:35:11
1657,64,product_view,2.0,,2026-06-28 04:38:17
1658,53,wishlist,10.0,,2025-10-27 10:00:40
1659,57,product_view,7.0,,2024-07-09 01:18:00
1660,43,wishlist,18.0,,2025-01-21 13:52:28
1661,93,page_view,,,2025-09-14 12:08:34
1662,98,page_view,,,2025-07-23 03:06:30
1663,21,search,,gaming keyboard,2025-10-16 23:59:52
1664,65,page_view,,,2026-01-04 12:09:44
1665,76,page_view,,,2024-01-23 16:21:11
1666,52,page_view,,,2025-08-14 23:10:33
1667,100,page_view,,,2025-04-04 22:41:26
1668,2,product_view,3.0,,2025-10-05 04:30:26
1669,6,page_view,,,2025-02-16 23:21:13
1670,62,product_view,2.0,,2025-08-13 18:50:01
1671,43,product_view,1.0,,2025-02-18 19:45:27
1672,63,page_view,,,2024-06-30 11:51:53
1673,76,purchase,3.0,,2024-10-16 05:39:46
1674,92,wishlist,6.0,,2024-02-23 07:17:45
1675,55,purchase,11.0,,2025-01-06 22:43:18
1676,55,page_view,,,2025-11-09 20:20:53
1677,92,page_view,,,2024-03-22 22:01:48
1678,28,page_view,,,2025-11-01 21:29:12
1679,33,page_view,,,2026-02-08 02:33:00
1680,38,search,,fitness tracker,2025-05-28 09:48:53
1681,18,page_view,,,2026-01-14 15:01:20
1682,94,product_view,1.0,,2026-08-05 13:06:16
1683,71,page_view,,,2025-05-05 20:41:30
1684,10,page_view,,,2025-01-08 07:36:00
1685,47,page_view,,,2026-02-10 05:39:34
1686,37,search,,office chair,2025-10-13 20:02:20
1687,28,page_view,,,2025-01-22 11:47:19
1688,49,page_view,,,2025-12-28 04:43:38
1689,90,checkout,,,2026-05-22 06:17:20
1690,6,search,,fitness tracker,2025-09-20 19:28:06
1691,27,product_view,2.0,,2024-09-17 01:39:56
1692,29,product_view,4.0,,2026-08-25 16:42:30
1693,46,checkout,,,2025-10-01 10:31:45
1694,82,add_to_cart,5.0,,2026-05-27 05:35:04
1695,70,product_view,16.0,,2024-06-25 08:46:56
1696,71,page_view,,,2024-02-20 18:53:16
1697,62,search,,office chair,2026-01-06 08:18:57
1698,59,page_view,,,2024-12-12 00:24:53
1699,54,product_view,17.0,,2026-01-31 05:16:59
1700,17,page_view,,,2025-04-19 22:03:36
1701,47,page_view,,,2024-06-16 08:17:13
1702,66,product_view,32.0,,2024-10-06 21:45:18
1703,63,page_view,,,2025-12-30 17:32:17
1704,49,add_to_cart,7.0,,2025-12-06 23:05:29
1705,90,page_view,,,2025-09-27 16:37:43
1706,51,product_view,1.0,,2026-03-15 08:16:17
1707,40,page_view,,,2025-11-29 23:07:57
1708,35,product_view,17.0,,2024-03-09 12:26:39
1709,41,wishlist,7.0,,2026-07-20 19:31:54
1710,17,search,,skin care,2024-08-24 19:37:58
1711,85,product_view,6.0,,2024-05-26 13:21:11
1712,55,wishlist,3.0,,2025-06-02 05:10:12
1713,93,page_view,,,2024-06-05 18:27:39
1714,58,page_view,,,2026-06-14 13:19:45
1715,8,search,,running shoes,2026-03-31 10:46:15
1716,34,product_view,18.0,,2025-11-28 04:36:32
1717,68,page_view,,,2025-09-04 20:08:35
1718,18,add_to_cart,5.0,,2024-09-16 22:25:34
1719,47,product_view,6.0,,2025-07-08 09:24:33
1720,41,search,,office chair,2025-10-21 09:54:47
1721,78,page_view,,,2024-02-23 06:16:28
1722,74,search,,wireless headphones,2026-04-30 09:57:59
1723,41,page_view,,,2025-05-10 04:09:44
1724,44,product_view,11.0,,2024-05-06 23:19:45
1725,65,product_view,1.0,,2024-05-15 04:30:21
1726,81,product_view,7.0,,2025-01-05 19:15:13
1727,7,page_view,,,2025-03-19 07:17:46
1728,48,page_view,,,2024-09-01 21:32:55
1729,23,search,,skin care,2024-11-17 20:59:16
1730,38,page_view,,,2026-02-09 16:00:22
1731,12,page_view,,,2026-07-18 22:25:04
1732,79,search,,coffee maker,2025-08-01 04:54:22
1733,82,add_to_cart,2.0,,2024-07-08 12:15:48
1734,59,page_view,,,2024-08-07 07:14:53
1735,19,checkout,,,2025-10-21 00:11:57
1736,78,product_view,7.0,,2025-08-02 21:47:02
1737,54,product_view,13.0,,2025-07-17 16:37:44
1738,24,page_view,,,2024-11-07 20:31:21
1739,62,page_view,,,2025-08-14 23:04:18
1740,30,purchase,11.0,,2024-02-11 15:16:00
1741,45,checkout,,,2024-03-11 01:59:38
1742,90,product_view,5.0,,2025-12-02 16:45:11
1743,59,search,,fitness tracker,2025-07-27 23:26:56
1744,56,page_view,,,2025-09-12 21:42:45
1745,50,search,,python book,2024-09-15 00:12:46
1746,24,product_view,7.0,,2024-08-03 19:35:51
1747,53,page_view,,,2024-05-19 20:45:48
1748,27,product_view,16.0,,2025-12-02 10:56:38
1749,17,page_view,,,2025-04-10 08:11:09
1750,71,purchase,17.0,,2025-02-18 05:21:16
1751,96,page_view,,,2025-08-29 21:09:17
1752,4,page_view,,,2025-09-28 02:27:44
1753,80,search,,running shoes,2026-05-05 07:01:40
1754,8,checkout,,,2026-01-07 04:30:55
1755,58,product_view,15.0,,2025-08-12 02:19:48
1756,50,product_view,19.0,,2025-02-21 12:27:27
1757,82,add_to_cart,13.0,,2025-07-01 12:44:00
1758,21,add_to_cart,8.0,,2026-03-17 07:05:08
1759,99,add_to_cart,8.0,,2024-02-03 01:39:46
1760,71,search,,running shoes,2025-08-27 02:40:03
1761,50,product_view,23.0,,2025-04-02 02:46:38
1762,85,search,,fitness tracker,2025-02-01 06:43:59
1763,15,product_view,3.0,,2024-01-11 13:28:17
1764,59,product_view,12.0,,2026-08-13 10:50:29
1765,68,add_to_cart,7.0,,2025-03-20 11:56:24
1766,82,product_view,4.0,,2024-06-20 02:48:44
1767,51,search,,wireless headphones,2024-01-18 09:16:33
1768,57,page_view,,,2025-02-12 06:42:18
1769,72,page_view,,,2024-02-03 10:34:31
1770,99,purchase,14.0,,2024-03-14 14:41:04
1771,33,add_to_cart,8.0,,2026-01-26 13:42:23
1772,4,product_view,41.0,,2025-06-05 06:11:35
1773,48,page_view,,,2025-03-27 20:50:23
1774,40,product_view,6.0,,2025-09-05 22:35:09
1775,93,page_view,,,2026-02-08 12:17:34
1776,82,search,,coffee maker,2025-05-18 02:37:58
1777,50,add_to_cart,6.0,,2025-01-13 03:49:37
1778,5,page_view,,,2024-10-31 23:57:48
1779,69,page_view,,,2026-03-30 15:28:28
1780,52,add_to_cart,8.0,,2025-03-29 16:01:22
1781,93,wishlist,3.0,,2026-07-30 16:28:04
1782,39,search,,running shoes,2024-02-13 15:15:26
1783,12,page_view,,,2024-10-13 12:17:59
1784,43,search,,running shoes,2026-02-14 05:20:12
1785,4,page_view,,,2024-06-28 10:08:54
1786,87,page_view,,,2025-07-24 01:49:11
1787,34,add_to_cart,8.0,,2025-01-21 17:51:33
1788,21,page_view,,,2025-04-17 18:45:02
1789,63,page_view,,,2026-08-24 05:59:42
1790,94,add_to_cart,15.0,,2026-08-21 01:38:39
1791,14,page_view,,,2026-03-25 04:12:35
1792,1,search,,coffee maker,2026-07-24 12:33:13
1793,93,page_view,,,2026-08-01 08:52:42
1794,56,page_view,,,2024-07-07 07:21:15
1795,28,add_to_cart,2.0,,2026-07-04 19:17:12
1796,25,product_view,1.0,,2025-01-30 13:12:07
1797,53,page_view,,,2025-07-23 08:14:35
1798,30,page_view,,,2025-09-07 22:27:22
1799,67,product_view,4.0,,2025-01-13 00:55:18
1800,71,page_view,,,2025-09-02 01:43:09
1801,65,product_view,4.0,,2025-12-25 16:54:58
1802,36,checkout,,,2026-08-19 02:30:14
1803,18,page_view,,,2024-06-27 17:54:02
1804,29,product_view,13.0,,2024-10-30 12:37:59
1805,93,page_view,,,2025-08-18 01:04:34
1806,77,page_view,,,2024-05-15 07:30:33
1807,20,page_view,,,2025-10-28 02:01:54
1808,8,page_view,,,2024-04-14 17:04:33
1809,87,product_view,17.0,,2024-04-28 10:04:43
1810,64,page_view,,,2026-01-23 19:19:37
1811,2,wishlist,14.0,,2024-07-27 09:19:38
1812,6,search,,gaming keyboard,2025-05-08 05:38:28
1813,46,page_view,,,2024-05-10 14:33:32
1814,25,add_to_cart,4.0,,2025-12-06 05:49:58
1815,64,product_view,13.0,,2024-05-11 11:49:55
1816,54,search,,gaming keyboard,2026-03-23 07:12:00
1817,33,product_view,4.0,,2024-07-21 05:11:31
1818,4,page_view,,,2024-07-20 16:40:48
1819,78,page_view,,,2026-08-05 21:35:06
1820,15,search,,office chair,2024-09-11 14:54:02
1821,100,product_view,3.0,,2026-01-17 11:54:14
1822,20,search,,python book,2026-07-07 02:32:22
1823,24,search,,fitness tracker,2025-11-27 20:40:21
1824,38,page_view,,,2026-05-21 01:45:07
1825,53,add_to_cart,6.0,,2026-01-17 01:26:59
1826,73,page_view,,,2024-10-11 17:48:13
1827,88,page_view,,,2024-07-14 16:24:18
1828,79,page_view,,,2026-07-26 07:26:09
1829,77,page_view,,,2026-07-11 02:29:55
1830,93,page_view,,,2024-06-06 16:28:59
1831,41,page_view,,,2026-08-03 05:53:16
1832,22,product_view,1.0,,2024-03-05 18:58:26
1833,81,wishlist,14.0,,2025-01-27 14:18:10
1834,34,product_view,29.0,,2025-10-01 02:51:11
1835,97,page_view,,,2025-08-07 14:48:35
1836,79,page_view,,,2026-02-20 05:54:57
1837,53,product_view,14.0,,2025-04-01 08:51:03
1838,78,page_view,,,2024-10-14 09:09:27
1839,56,wishlist,24.0,,2026-03-06 08:38:21
1840,15,search,,python book,2025-08-19 17:23:58
1841,11,page_view,,,2025-05-07 21:34:23
1842,13,search,,skin care,2025-08-24 22:28:18
1843,38,wishlist,12.0,,2024-09-16 22:18:06
1844,98,page_view,,,2025-04-07 10:12:19
1845,94,checkout,,,2025-09-25 23:03:30
1846,62,page_view,,,2026-03-08 06:10:46
1847,22,page_view,,,2026-08-20 22:31:08
1848,70,search,,python book,2024-01-02 22:09:07
1849,88,checkout,,,2026-08-03 14:43:26
1850,56,product_view,42.0,,2024-11-26 05:14:10
1851,95,checkout,,,2024-07-01 07:22:35
1852,69,product_view,2.0,,2025-05-17 12:19:03
1853,57,product_view,6.0,,2026-07-08 00:29:02
1854,56,add_to_cart,26.0,,2026-08-27 09:36:07
1855,43,page_view,,,2025-08-15 16:58:16
1856,46,page_view,,,2025-03-08 12:45:19
1857,91,page_view,,,2025-07-17 21:15:58
1858,28,page_view,,,2025-12-01 03:20:56
1859,37,page_view,,,2025-11-23 07:58:20
1860,12,purchase,4.0,,2025-01-24 21:30:18
1861,55,product_view,9.0,,2025-08-16 12:47:52
1862,19,add_to_cart,19.0,,2025-07-05 08:23:32
1863,12,product_view,26.0,,2026-01-13 04:22:30
1864,81,page_view,,,2025-12-02 21:06:09
1865,23,search,,coffee maker,2024-11-23 02:52:40
1866,43,product_view,5.0,,2026-02-25 00:53:47
1867,89,product_view,21.0,,2026-01-19 16:04:57
1868,79,checkout,,,2024-10-08 05:38:20
1869,58,product_view,6.0,,2024-07-31 03:16:20
1870,85,page_view,,,2025-10-30 09:50:19
1871,94,checkout,,,2026-02-19 18:25:24
1872,56,product_view,1.0,,2024-08-24 23:02:24
1873,83,product_view,29.0,,2024-08-12 09:03:58
1874,43,purchase,9.0,,2024-09-13 03:08:35
1875,87,wishlist,8.0,,2025-03-01 10:56:13
1876,17,add_to_cart,34.0,,2025-06-22 07:07:11
1877,33,search,,wireless headphones,2024-10-04 21:51:11
1878,62,search,,fitness tracker,2026-05-13 15:57:59
1879,45,page_view,,,2025-11-17 06:04:58
1880,68,page_view,,,2024-05-09 05:31:01
1881,88,page_view,,,2025-01-28 07:36:54
1882,92,page_view,,,2025-12-20 01:56:39
1883,26,wishlist,1.0,,2024-02-16 09:57:04
1884,27,page_view,,,2025-07-15 13:20:24
1885,29,page_view,,,2024-02-20 08:17:04
1886,33,page_view,,,2026-05-25 06:54:41
1887,42,page_view,,,2026-01-06 23:08:19
1888,41,add_to_cart,5.0,,2024-04-24 14:51:55
1889,96,page_view,,,2026-04-20 01:59:20
1890,85,page_view,,,2025-05-21 16:18:04
1891,76,product_view,13.0,,2025-11-15 04:38:37
1892,64,page_view,,,2025-11-21 21:10:55
1893,100,search,,office chair,2025-07-29 12:15:44
1894,87,product_view,9.0,,2026-05-06 05:41:44
1895,95,page_view,,,2025-10-22 11:29:31
1896,5,search,,python book,2024-02-20 16:43:27
1897,68,page_view,,,2026-06-13 10:22:54
1898,73,page_view,,,2026-04-16 21:18:18
1899,67,product_view,22.0,,2024-07-29 04:08:44
1900,17,page_view,,,2026-02-17 18:54:41
1901,43,page_view,,,2024-04-02 09:15:13
1902,74,page_view,,,2025-05-21 18:00:12
1903,43,product_view,8.0,,2025-02-15 03:58:47
1904,96,page_view,,,2024-12-19 23:11:59
1905,67,wishlist,9.0,,2024-11-08 16:13:58
1906,86,checkout,,,2024-03-16 11:48:25
1907,32,page_view,,,2024-01-05 05:20:53
1908,19,search,,wireless headphones,2026-07-04 05:46:18
1909,29,page_view,,,2024-10-02 05:39:05
1910,98,search,,running shoes,2026-06-24 16:39:07
1911,87,wishlist,8.0,,2024-02-29 04:05:34
1912,78,page_view,,,2024-11-14 08:28:01
1913,72,page_view,,,2025-12-06 03:24:32
1914,42,page_view,,,2025-10-27 17:19:56
1915,5,page_view,,,2025-05-14 16:34:34
1916,65,page_view,,,2024-05-15 08:13:29
1917,24,search,,fitness tracker,2024-07-14 00:19:26
1918,4,wishlist,23.0,,2025-05-30 04:26:08
1919,32,page_view,,,2024-09-15 04:23:37
1920,72,page_view,,,2026-02-25 22:21:17
1921,56,product_view,1.0,,2026-03-17 00:50:51
1922,89,product_view,17.0,,2025-10-09 01:43:25
1923,34,search,,skin care,2026-05-18 22:57:33
1924,90,product_view,7.0,,2025-07-19 19:56:23
1925,71,wishlist,10.0,,2024-07-08 05:27:17
1926,84,product_view,22.0,,2024-01-18 12:32:08
1927,7,page_view,,,2024-08-05 22:33:40
1928,37,page_view,,,2025-05-03 13:37:47
1929,36,page_view,,,2025-07-22 02:48:53
1930,78,product_view,12.0,,2025-10-05 03:41:40
1931,62,page_view,,,2024-09-04 04:11:13
1932,50,page_view,,,2024-06-10 21:17:09
1933,74,page_view,,,2026-04-08 16:02:11
1934,89,page_view,,,2024-06-22 10:09:37
1935,17,product_view,12.0,,2026-01-07 19:29:10
1936,98,product_view,16.0,,2024-05-05 17:27:47
1937,32,page_view,,,2024-11-01 03:44:33
1938,94,add_to_cart,6.0,,2024-03-30 11:10:12
1939,53,search,,office chair,2024-12-27 08:56:13
1940,65,page_view,,,2026-01-18 11:32:30
1941,15,page_view,,,2024-04-04 02:29:55
1942,30,product_view,13.0,,2025-03-15 17:55:47
1943,25,purchase,1.0,,2024-03-01 23:24:34
1944,83,search,,running shoes,2025-07-30 21:54:42
1945,44,search,,skin care,2025-12-21 15:33:44
1946,14,search,,fitness tracker,2024-03-17 13:56:40
1947,51,product_view,19.0,,2024-05-29 11:06:52
1948,94,product_view,4.0,,2024-08-18 22:03:45
1949,53,page_view,,,2024-03-27 18:43:55
1950,33,page_view,,,2024-08-21 16:23:09
1951,48,page_view,,,2026-01-24 05:30:15
1952,88,product_view,4.0,,2024-12-10 17:12:01
1953,57,add_to_cart,9.0,,2024-02-26 06:53:02
1954,73,page_view,,,2024-03-01 20:34:36
1955,57,product_view,1.0,,2025-01-22 04:27:11
1956,33,page_view,,,2024-11-06 03:37:56
1957,96,page_view,,,2024-12-04 01:30:01
1958,90,page_view,,,2024-12-09 12:31:08
1959,13,page_view,,,2026-04-20 07:21:12
1960,76,product_view,8.0,,2024-03-30 16:16:43
1961,8,add_to_cart,4.0,,2024-12-07 23:04:23
1962,79,page_view,,,2026-06-26 03:06:22
1963,23,add_to_cart,5.0,,2026-04-09 03:55:30
1964,67,product_view,21.0,,2025-06-21 23:48:01
1965,73,add_to_cart,15.0,,2024-10-11 15:24:43
1966,24,purchase,33.0,,2025-05-02 19:23:43
1967,85,search,,python book,2025-07-16 11:40:03
1968,26,add_to_cart,1.0,,2024-06-27 05:27:30
1969,98,product_view,9.0,,2025-01-28 10:39:22
1970,18,page_view,,,2026-06-28 05:20:09
1971,14,page_view,,,2024-12-05 04:28:31
1972,70,page_view,,,2025-09-19 08:26:01
1973,44,product_view,21.0,,2024-11-22 15:46:27
1974,15,page_view,,,2024-04-05 16:36:31
1975,50,search,,wireless headphones,2026-06-02 23:05:01
1976,93,checkout,,,2025-08-14 15:14:48
1977,42,page_view,,,2024-06-11 02:32:59
1978,57,page_view,,,2024-02-04 12:42:57
1979,48,product_view,3.0,,2025-04-06 14:42:26
1980,28,page_view,,,2024-06-25 06:06:00
1981,20,product_view,8.0,,2024-03-05 17:39:59
1982,16,page_view,,,2024-02-25 07:29:02
1983,97,page_view,,,2025-07-26 10:02:27
1984,81,page_view,,,2024-02-09 00:59:18
1985,47,page_view,,,2026-03-31 12:27:00
1986,49,page_view,,,2026-06-17 18:52:14
1987,11,search,,coffee maker,2025-03-24 14:55:57
1988,89,page_view,,,2025-04-04 15:03:38
1989,68,page_view,,,2026-06-18 04:33:27
1990,81,product_view,18.0,,2024-07-31 04:05:47
1991,74,page_view,,,2025-02-26 06:31:30
1992,97,page_view,,,2026-03-06 01:34:17
1993,13,page_view,,,2026-05-24 03:14:54
1994,60,page_view,,,2024-11-13 15:34:12
1995,50,page_view,,,2024-07-06 08:29:20
1996,54,page_view,,,2026-02-01 06:02:26
1997,33,product_view,3.0,,2024-05-16 10:50:16
1998,30,page_view,,,2025-02-09 10:54:17
1999,77,page_view,,,2025-11-15 19:40:13
2000,88,product_view,20.0,,2024-09-26 17:11:32
2001,45,checkout,,,2024-05-24 22:59:22
2002,79,product_view,2.0,,2024-10-17 04:08:39
2003,94,page_view,,,2025-08-21 09:40:57
2004,68,page_view,,,2024-11-05 12:18:29
2005,8,page_view,,,2024-07-02 04:46:04
2006,8,search,,running shoes,2025-06-24 02:21:54
2007,95,search,,skin care,2026-01-18 15:05:58
2008,51,search,,gaming keyboard,2026-07-06 23:41:59
2009,73,page_view,,,2025-06-10 15:37:28
2010,93,page_view,,,2024-04-27 08:35:40
2011,70,add_to_cart,2.0,,2024-09-08 01:46:46
2012,72,page_view,,,2026-05-13 04:10:11
2013,4,product_view,21.0,,2024-09-03 12:20:50
2014,67,page_view,,,2025-06-09 10:19:13
2015,24,search,,coffee maker,2026-04-07 07:56:34
2016,33,page_view,,,2025-07-24 06:25:37
2017,74,page_view,,,2024-02-19 11:51:46
2018,3,search,,fitness tracker,2024-09-06 10:17:27
2019,70,product_view,20.0,,2025-09-07 23:02:56
2020,78,page_view,,,2024-12-23 14:56:20
2021,75,page_view,,,2026-03-15 05:21:04
2022,59,add_to_cart,1.0,,2024-02-21 02:24:56
2023,50,page_view,,,2026-04-30 15:39:57
2024,62,add_to_cart,15.0,,2024-10-09 21:06:48
2025,44,page_view,,,2024-07-06 19:34:52
2026,32,page_view,,,2026-01-07 16:26:32
2027,35,page_view,,,2024-01-12 01:57:39
2028,26,page_view,,,2024-02-22 18:09:01
2029,16,add_to_cart,18.0,,2026-01-24 20:17:37
2030,56,product_view,2.0,,2025-08-30 22:20:49
2031,70,page_view,,,2026-01-20 12:27:43
2032,8,add_to_cart,3.0,,2026-07-18 00:15:52
2033,74,page_view,,,2025-10-28 00:38:30
2034,78,page_view,,,2024-01-28 09:36:25
2035,70,page_view,,,2026-08-12 00:22:57
2036,48,product_view,6.0,,2026-08-20 18:25:34
2037,52,product_view,7.0,,2026-02-14 14:42:38
2038,81,page_view,,,2026-05-12 07:14:15
2039,49,page_view,,,2026-05-22 20:38:07
2040,61,page_view,,,2024-10-24 07:20:22
2041,100,product_view,2.0,,2026-07-28 06:22:21
2042,69,purchase,7.0,,2024-12-10 09:58:33
2043,24,product_view,6.0,,2025-09-20 01:19:08
2044,98,page_view,,,2026-04-18 12:25:55
2045,90,search,,fitness tracker,2024-03-14 05:31:44
2046,73,search,,office chair,2025-08-09 12:35:34
2047,58,page_view,,,2024-07-23 01:25:40
2048,80,page_view,,,2025-12-09 06:21:23
2049,25,product_view,2.0,,2025-09-24 18:57:22
2050,65,add_to_cart,1.0,,2026-02-25 08:01:45
2051,43,add_to_cart,5.0,,2026-02-06 16:41:58
2052,80,page_view,,,2025-07-27 09:35:46
2053,28,product_view,2.0,,2024-02-04 20:38:34
2054,44,page_view,,,2025-07-15 22:29:50
2055,71,page_view,,,2025-11-18 04:53:52
2056,31,product_view,10.0,,2026-07-25 07:08:38
2057,85,product_view,7.0,,2025-02-24 04:32:48
2058,41,page_view,,,2024-05-29 17:31:59
2059,46,search,,running shoes,2025-03-06 17:59:57
2060,60,add_to_cart,45.0,,2025-11-19 07:44:26
2061,20,search,,coffee maker,2026-03-21 01:37:55
2062,69,page_view,,,2024-11-21 00:48:17
2063,67,product_view,8.0,,2026-07-28 18:19:31
2064,99,page_view,,,2024-11-20 22:27:21
2065,87,checkout,,,2025-08-14 18:37:57
2066,58,page_view,,,2024-07-30 19:24:54
2067,21,page_view,,,2024-08-18 05:40:50
2068,32,product_view,6.0,,2026-05-27 21:38:08
2069,28,page_view,,,2024-11-28 11:25:30
2070,75,page_view,,,2025-11-26 03:51:55
2071,85,page_view,,,2026-05-30 06:17:55
2072,98,page_view,,,2026-08-25 18:55:04
2073,11,product_view,6.0,,2026-02-15 02:12:14
2074,37,page_view,,,2024-01-04 06:44:35
2075,53,page_view,,,2026-03-24 18:39:40
2076,9,page_view,,,2026-04-15 21:45:38
2077,34,page_view,,,2026-05-13 06:52:50
2078,60,search,,running shoes,2025-05-04 08:17:29
2079,66,product_view,19.0,,2025-04-27 04:37:41
2080,31,page_view,,,2026-07-06 23:28:58
2081,16,product_view,13.0,,2024-11-07 00:44:41
2082,52,page_view,,,2026-01-24 03:23:41
2083,4,product_view,16.0,,2025-04-19 09:09:40
2084,71,wishlist,36.0,,2025-01-02 17:28:06
2085,51,page_view,,,2024-03-15 04:37:57
2086,61,product_view,3.0,,2024-12-23 13:59:26
2087,40,page_view,,,2024-12-06 09:41:20
2088,84,page_view,,,2025-12-31 12:39:27
2089,95,product_view,3.0,,2025-07-02 04:51:09
2090,60,page_view,,,2025-05-08 15:43:13
2091,67,purchase,16.0,,2024-05-21 00:34:52
2092,42,page_view,,,2026-04-22 09:18:26
2093,17,product_view,14.0,,2025-12-03 15:13:55
2094,89,page_view,,,2025-07-02 16:04:06
2095,48,product_view,7.0,,2025-03-06 09:48:56
2096,78,page_view,,,2025-05-07 05:10:37
2097,39,checkout,,,2024-10-15 06:05:07
2098,51,page_view,,,2026-07-01 09:42:12
2099,95,add_to_cart,34.0,,2025-03-16 02:58:26
2100,85,add_to_cart,3.0,,2024-12-27 06:26:53
2101,31,product_view,3.0,,2025-08-03 01:03:15
2102,75,page_view,,,2025-08-08 06:18:44
2103,19,add_to_cart,15.0,,2024-10-25 21:34:22
2104,54,search,,python book,2026-03-02 23:57:24
2105,39,search,,fitness tracker,2024-07-19 23:06:08
2106,51,page_view,,,2025-12-09 10:14:35
2107,11,page_view,,,2025-05-21 08:24:09
2108,47,product_view,11.0,,2026-05-29 01:18:16
2109,99,page_view,,,2024-04-02 17:32:20
2110,85,add_to_cart,5.0,,2025-03-29 17:15:12
2111,17,purchase,2.0,,2025-07-16 00:43:20
2112,55,product_view,4.0,,2025-02-10 01:07:36
2113,76,page_view,,,2024-02-20 23:58:18
2114,70,product_view,3.0,,2025-04-30 20:35:28
2115,83,checkout,,,2025-01-02 13:34:12
2116,12,add_to_cart,26.0,,2024-01-07 19:44:39
2117,12,page_view,,,2026-02-26 04:38:48
2118,72,product_view,6.0,,2026-03-15 23:50:04
2119,41,page_view,,,2024-10-09 04:47:46
2120,91,page_view,,,2024-06-02 03:39:51
2121,60,search,,python book,2024-01-06 20:38:11
2122,3,product_view,10.0,,2024-04-21 10:00:39
2123,67,product_view,33.0,,2024-10-20 08:19:00
2124,28,product_view,7.0,,2024-10-18 22:08:50
2125,48,page_view,,,2026-05-30 03:33:28
2126,17,page_view,,,2026-06-30 10:36:11
2127,60,search,,skin care,2024-01-12 14:50:34
2128,23,page_view,,,2024-07-15 12:09:49
2129,45,product_view,3.0,,2024-11-28 13:38:54
2130,3,page_view,,,2025-11-11 08:17:32
2131,72,checkout,,,2024-12-18 18:23:01
2132,5,product_view,10.0,,2024-01-11 16:46:57
2133,43,page_view,,,2025-09-14 00:26:25
2134,64,page_view,,,2024-03-21 18:32:55
2135,16,product_view,11.0,,2024-07-02 23:02:57
2136,66,page_view,,,2024-02-24 16:03:36
2137,98,product_view,5.0,,2025-12-18 16:23:24
2138,17,page_view,,,2025-04-23 18:19:54
2139,89,product_view,15.0,,2025-02-02 13:13:10
2140,68,product_view,11.0,,2024-04-10 12:26:31
2141,72,add_to_cart,34.0,,2024-07-11 20:35:16
2142,47,wishlist,49.0,,2024-01-05 11:40:07
2143,94,product_view,3.0,,2025-12-06 21:52:44
2144,5,page_view,,,2024-03-04 18:53:34
2145,5,search,,python book,2025-01-21 15:42:54
2146,8,page_view,,,2025-11-08 21:09:02
2147,48,page_view,,,2026-06-27 05:55:04
2148,63,page_view,,,2024-03-28 22:37:37
2149,22,product_view,7.0,,2025-04-11 06:24:23
2150,61,product_view,27.0,,2026-04-18 02:06:45
2151,64,page_view,,,2025-08-10 21:55:24
2152,27,product_view,9.0,,2026-04-15 09:48:59
2153,46,product_view,16.0,,2024-12-04 12:18:55
2154,22,page_view,,,2024-06-20 20:30:36
2155,13,page_view,,,2024-07-20 08:49:32
2156,72,page_view,,,2026-05-19 11:16:17
2157,32,page_view,,,2025-01-26 13:05:52
2158,39,product_view,32.0,,2025-08-24 23:33:45
2159,100,add_to_cart,18.0,,2025-12-31 08:47:06
2160,73,page_view,,,2025-07-18 17:49:22
2161,79,page_view,,,2026-04-21 05:12:00
2162,94,product_view,13.0,,2024-02-07 09:41:07
2163,1,product_view,6.0,,2026-05-17 19:01:01
2164,19,page_view,,,2024-02-07 17:01:22
2165,63,product_view,20.0,,2025-02-27 14:12:51
2166,58,page_view,,,2026-07-13 21:17:11
2167,40,checkout,,,2026-02-26 02:34:50
2168,21,page_view,,,2026-02-14 06:11:38
2169,49,page_view,,,2024-11-26 14:22:21
2170,55,page_view,,,2026-02-16 16:31:08
2171,17,page_view,,,2025-11-13 06:08:21
2172,90,checkout,,,2025-01-08 12:15:19
2173,11,page_view,,,2024-11-25 10:58:12
2174,30,page_view,,,2024-09-30 11:00:26
2175,72,product_view,18.0,,2024-01-28 09:43:18
2176,1,add_to_cart,21.0,,2025-08-13 08:12:54
2177,93,page_view,,,2024-12-07 23:39:00
2178,74,search,,fitness tracker,2025-09-02 16:01:18
2179,84,page_view,,,2026-08-15 15:40:30
2180,75,product_view,15.0,,2026-07-15 18:02:06
2181,89,page_view,,,2024-07-04 19:08:31
2182,40,search,,office chair,2025-11-28 01:53:48
2183,84,search,,python book,2025-08-03 14:07:05
2184,14,product_view,24.0,,2025-01-09 15:26:10
2185,18,purchase,5.0,,2026-05-22 18:11:18
2186,73,product_view,7.0,,2024-12-27 05:45:24
2187,42,page_view,,,2024-08-27 09:01:57
2188,64,page_view,,,2026-02-19 10:21:11
2189,59,page_view,,,2025-05-24 18:08:09
2190,86,page_view,,,2024-11-28 01:59:16
2191,45,add_to_cart,12.0,,2026-08-24 13:33:59
2192,76,page_view,,,2024-07-09 18:22:55
2193,44,product_view,3.0,,2024-07-21 00:33:32
2194,76,page_view,,,2025-04-25 06:04:37
2195,41,product_view,4.0,,2024-04-16 20:56:58
2196,52,page_view,,,2026-03-01 18:35:34
2197,73,checkout,,,2024-08-08 01:10:12
2198,33,page_view,,,2026-08-29 05:46:02
2199,18,page_view,,,2024-03-13 18:59:34
2200,26,add_to_cart,8.0,,2024-07-24 05:36:03
2201,60,page_view,,,2025-03-15 10:22:06
2202,18,page_view,,,2024-10-10 02:35:57
2203,51,wishlist,12.0,,2024-07-02 19:22:43
2204,93,page_view,,,2025-05-02 20:34:05
2205,67,page_view,,,2024-12-18 09:02:55
2206,81,page_view,,,2026-06-13 09:42:59
2207,40,product_view,8.0,,2026-03-09 14:44:19
2208,36,page_view,,,2024-09-26 23:46:59
2209,49,page_view,,,2024-06-19 12:36:24
2210,24,wishlist,16.0,,2024-03-17 10:58:33
2211,67,page_view,,,2026-07-19 18:01:13
2212,90,page_view,,,2025-05-02 09:23:13
2213,46,purchase,26.0,,2024-02-22 12:25:14
2214,59,page_view,,,2026-08-16 06:38:33
2215,35,page_view,,,2025-03-13 19:02:04
2216,3,product_view,11.0,,2025-12-29 21:42:12
2217,22,page_view,,,2025-04-09 23:22:21
2218,52,page_view,,,2025-02-08 15:00:46
2219,43,page_view,,,2026-01-20 08:08:08
2220,32,add_to_cart,8.0,,2024-10-13 12:45:50
2221,71,product_view,1.0,,2025-12-04 16:30:35
2222,81,wishlist,1.0,,2025-09-08 02:54:35
2223,9,product_view,6.0,,2025-11-14 14:39:57
2224,54,product_view,8.0,,2025-07-29 03:21:52
2225,22,page_view,,,2024-03-28 22:30:10
2226,93,product_view,5.0,,2026-01-16 21:48:32
2227,97,product_view,2.0,,2025-01-13 01:05:07
2228,74,product_view,17.0,,2024-04-22 07:48:16
2229,21,page_view,,,2025-02-28 16:00:28
2230,97,page_view,,,2026-07-16 15:34:34
2231,92,page_view,,,2025-11-17 12:17:02
2232,37,page_view,,,2024-01-18 13:21:30
2233,98,page_view,,,2026-08-27 06:33:00
2234,100,page_view,,,2025-05-10 09:25:08
2235,50,add_to_cart,5.0,,2026-05-28 00:06:24
2236,68,add_to_cart,16.0,,2024-05-17 15:05:00
2237,71,page_view,,,2024-05-28 17:00:02
2238,62,product_view,3.0,,2025-08-12 07:01:35
2239,27,product_view,6.0,,2025-01-16 14:56:13
2240,39,page_view,,,2024-05-14 20:46:27
2241,47,page_view,,,2025-08-16 23:20:03
2242,43,page_view,,,2025-01-30 14:24:53
2243,20,product_view,13.0,,2025-08-16 00:48:05
2244,11,page_view,,,2024-01-04 00:24:58
2245,79,page_view,,,2025-03-18 16:37:49
2246,74,page_view,,,2026-07-23 15:09:21
2247,99,page_view,,,2024-10-25 07:52:06
2248,72,page_view,,,2025-07-26 08:13:36
2249,62,product_view,3.0,,2025-01-16 16:56:37
2250,95,purchase,19.0,,2026-08-20 07:11:35
2251,15,page_view,,,2025-10-08 15:22:38
2252,88,product_view,3.0,,2025-04-18 07:51:28
2253,9,add_to_cart,8.0,,2026-02-18 17:26:55
2254,49,search,,wireless headphones,2026-03-15 16:33:27
2255,77,page_view,,,2025-07-11 15:24:22
2256,93,page_view,,,2026-04-15 22:43:07
2257,39,page_view,,,2024-04-11 09:48:46
2258,72,page_view,,,2026-01-22 04:50:38
2259,55,page_view,,,2025-03-11 21:32:36
2260,17,product_view,14.0,,2026-03-09 15:17:59
2261,11,add_to_cart,14.0,,2025-05-21 02:52:45
2262,13,page_view,,,2026-08-13 00:24:03
2263,63,page_view,,,2026-02-14 17:15:43
2264,23,page_view,,,2024-03-09 02:43:32
2265,47,purchase,4.0,,2024-11-15 14:42:02
2266,18,add_to_cart,4.0,,2025-05-20 06:06:55
2267,56,checkout,,,2026-06-12 07:58:55
2268,41,add_to_cart,5.0,,2025-03-03 13:08:18
2269,39,page_view,,,2024-04-14 19:25:43
2270,66,product_view,11.0,,2026-06-25 23:45:10
2271,40,page_view,,,2025-04-24 04:10:28
2272,15,page_view,,,2024-05-23 11:39:42
2273,66,page_view,,,2025-07-11 02:03:18
2274,74,page_view,,,2025-01-07 06:47:16
2275,15,page_view,,,2025-10-24 06:08:56
2276,57,search,,office chair,2025-06-30 20:27:59
2277,26,product_view,26.0,,2026-01-01 06:30:32
2278,52,product_view,6.0,,2024-01-10 07:51:25
2279,49,page_view,,,2024-11-19 17:09:03
2280,80,page_view,,,2024-03-01 16:11:32
2281,93,product_view,1.0,,2026-04-21 18:22:43
2282,43,page_view,,,2024-11-01 23:39:10
2283,82,product_view,8.0,,2025-11-04 03:28:50
2284,71,product_view,1.0,,2025-05-07 05:20:33
2285,48,product_view,23.0,,2024-01-13 15:28:42
2286,61,product_view,28.0,,2025-08-11 04:07:59
2287,68,wishlist,25.0,,2024-03-13 08:27:29
2288,69,page_view,,,2026-07-07 23:16:27
2289,12,product_view,3.0,,2026-01-15 02:18:11
2290,52,search,,python book,2026-04-17 08:32:33
2291,57,product_view,13.0,,2025-04-04 12:40:40
2292,66,page_view,,,2025-02-10 20:52:32
2293,13,search,,coffee maker,2024-01-25 05:12:43
2294,6,wishlist,14.0,,2026-04-06 00:06:03
2295,79,search,,python book,2025-10-29 10:01:20
2296,62,page_view,,,2025-04-01 09:27:26
2297,21,product_view,2.0,,2024-06-27 12:10:26
2298,71,page_view,,,2024-06-14 01:15:43
2299,15,add_to_cart,3.0,,2026-06-16 06:40:51
2300,16,search,,running shoes,2025-01-21 10:41:26
2301,35,product_view,9.0,,2026-07-08 21:14:23
2302,66,page_view,,,2026-04-17 22:48:57
2303,67,page_view,,,2026-07-20 14:33:03
2304,63,page_view,,,2024-10-10 13:08:21
2305,15,wishlist,5.0,,2026-01-20 08:56:27
2306,70,product_view,3.0,,2026-05-23 15:05:48
2307,17,search,,skin care,2025-04-24 23:59:55
2308,93,page_view,,,2024-02-09 10:48:21
2309,15,page_view,,,2025-08-29 10:54:07
2310,100,page_view,,,2026-05-05 17:10:51
2311,67,page_view,,,2026-08-24 07:40:18
2312,2,product_view,5.0,,2026-03-23 08:37:31
2313,92,product_view,3.0,,2024-01-11 11:35:50
2314,56,page_view,,,2025-10-19 04:00:11
2315,85,product_view,7.0,,2025-08-26 20:36:32
2316,51,page_view,,,2025-03-26 00:23:34
2317,11,page_view,,,2026-04-08 09:31:44
2318,100,product_view,2.0,,2024-06-24 12:04:07
2319,23,product_view,4.0,,2024-10-08 15:21:07
2320,36,page_view,,,2025-11-03 02:26:24
2321,9,product_view,2.0,,2026-05-04 12:21:56
2322,72,product_view,7.0,,2025-12-08 20:41:18
2323,95,page_view,,,2025-08-24 21:07:12
2324,58,page_view,,,2026-02-18 22:41:38
2325,16,page_view,,,2025-09-29 22:07:24
2326,100,add_to_cart,8.0,,2024-08-15 04:11:15
2327,47,product_view,3.0,,2025-09-26 10:16:51
2328,48,page_view,,,2026-07-03 22:04:32
2329,93,purchase,1.0,,2024-10-26 12:45:11
2330,1,product_view,43.0,,2024-06-16 05:28:52
2331,90,wishlist,3.0,,2024-07-22 13:00:56
2332,51,add_to_cart,3.0,,2024-08-16 17:24:20
2333,16,page_view,,,2025-09-24 04:22:00
2334,24,page_view,,,2024-07-03 13:18:26
2335,87,search,,office chair,2024-09-04 01:28:49
2336,79,page_view,,,2024-02-03 18:36:44
2337,99,product_view,6.0,,2024-11-10 08:46:52
2338,19,product_view,15.0,,2025-05-18 18:04:28
2339,60,product_view,16.0,,2024-12-13 04:26:40
2340,6,page_view,,,2024-07-05 09:01:45
2341,1,page_view,,,2024-08-05 21:30:45
2342,10,product_view,13.0,,2024-02-20 19:00:15
2343,34,page_view,,,2025-09-25 16:48:02
2344,94,product_view,9.0,,2026-07-29 04:57:51
2345,96,product_view,13.0,,2025-09-24 02:16:33
2346,79,wishlist,31.0,,2024-02-11 15:07:28
2347,94,wishlist,1.0,,2026-07-29 21:14:22
2348,64,page_view,,,2026-06-13 07:05:04
2349,42,product_view,1.0,,2024-10-16 23:31:26
2350,24,page_view,,,2026-05-23 15:36:48
2351,23,purchase,7.0,,2026-05-16 01:24:15
2352,27,add_to_cart,2.0,,2024-05-01 23:22:54
2353,98,product_view,2.0,,2025-11-27 19:02:45
2354,2,product_view,6.0,,2026-02-03 20:13:26
2355,33,page_view,,,2025-09-17 19:11:37
2356,23,product_view,2.0,,2024-11-27 16:00:29
2357,48,search,,office chair,2026-05-02 10:47:19
2358,44,add_to_cart,13.0,,2024-09-28 10:02:30
2359,71,product_view,23.0,,2024-06-03 05:28:00
2360,96,search,,gaming keyboard,2025-08-09 03:11:27
2361,10,page_view,,,2026-02-26 20:41:55
2362,13,page_view,,,2025-09-11 20:13:57
2363,62,page_view,,,2026-01-28 06:22:56
2364,12,page_view,,,2026-01-07 05:06:42
2365,17,page_view,,,2025-12-14 16:56:29
2366,22,page_view,,,2025-07-28 14:19:28
2367,38,product_view,10.0,,2025-11-02 18:09:00
2368,97,page_view,,,2025-04-08 20:38:35
2369,97,page_view,,,2025-09-21 18:13:21
2370,82,product_view,12.0,,2026-04-04 04:19:31
2371,67,add_to_cart,3.0,,2025-03-02 11:48:55
2372,1,page_view,,,2025-08-31 11:42:03
2373,91,product_view,27.0,,2026-03-10 01:30:11
2374,46,page_view,,,2026-08-09 05:33:14
2375,58,search,,running shoes,2025-02-08 01:55:43
2376,16,add_to_cart,10.0,,2024-08-24 08:20:08
2377,5,product_view,8.0,,2024-11-12 20:30:30
2378,25,page_view,,,2025-10-26 22:12:15
2379,21,page_view,,,2024-05-20 16:51:12
2380,49,search,,office chair,2026-07-29 12:18:31
2381,16,page_view,,,2024-11-14 05:29:54
2382,21,page_view,,,2026-05-06 13:14:05
2383,51,page_view,,,2026-07-03 06:45:34
2384,67,page_view,,,2024-03-13 17:07:48
2385,45,product_view,2.0,,2024-01-12 20:59:54
2386,19,product_view,6.0,,2024-02-20 11:18:40
2387,68,checkout,,,2024-10-27 05:37:50
2388,30,product_view,21.0,,2024-10-10 15:56:25
2389,19,product_view,1.0,,2024-11-10 12:02:03
2390,55,page_view,,,2025-02-09 18:11:25
2391,45,page_view,,,2026-04-05 09:41:21
2392,9,page_view,,,2024-12-22 12:49:10
2393,9,product_view,8.0,,2025-01-02 11:14:57
2394,94,page_view,,,2026-06-19 01:58:47
2395,32,product_view,4.0,,2024-10-21 12:09:53
2396,27,page_view,,,2026-05-15 17:54:26
2397,18,page_view,,,2026-07-04 12:43:51
2398,20,page_view,,,2026-01-31 08:26:38
2399,39,page_view,,,2026-08-22 01:03:37
2400,68,wishlist,11.0,,2024-04-14 05:59:06
2401,72,page_view,,,2025-08-14 17:01:44
2402,43,checkout,,,2024-12-06 06:41:10
2403,7,page_view,,,2025-04-01 05:52:22
2404,18,product_view,15.0,,2025-01-25 15:16:30
2405,9,page_view,,,2024-11-16 10:03:46
2406,48,product_view,16.0,,2024-01-14 15:22:01
2407,91,search,,fitness tracker,2026-02-19 08:46:51
2408,87,search,,skin care,2026-01-31 22:57:54
2409,86,product_view,6.0,,2025-02-15 07:30:40
2410,74,wishlist,27.0,,2026-02-07 03:46:12
2411,1,search,,running shoes,2025-07-14 15:08:39
2412,42,page_view,,,2026-05-31 04:48:51
2413,85,product_view,3.0,,2026-07-28 03:02:09
2414,76,page_view,,,2025-11-15 23:02:15
2415,80,product_view,8.0,,2025-01-06 06:36:45
2416,52,product_view,17.0,,2026-08-16 09:36:38
2417,77,product_view,30.0,,2025-12-12 14:00:42
2418,46,page_view,,,2025-05-21 19:52:59
2419,29,search,,skin care,2024-11-22 15:34:13
2420,73,checkout,,,2026-04-12 10:32:36
2421,24,product_view,1.0,,2024-04-04 16:49:57
2422,79,product_view,8.0,,2025-09-19 13:39:59
2423,58,page_view,,,2025-05-17 14:31:08
2424,29,page_view,,,2025-11-26 21:28:40
2425,64,page_view,,,2024-05-11 01:11:16
2426,20,page_view,,,2024-07-15 03:12:14
2427,66,page_view,,,2026-01-11 08:30:43
2428,67,page_view,,,2024-01-02 11:19:57
2429,18,search,,running shoes,2025-04-21 22:45:31
2430,40,checkout,,,2024-08-03 14:09:11
2431,33,product_view,14.0,,2024-04-26 04:46:56
2432,72,page_view,,,2025-03-09 14:14:51
2433,70,page_view,,,2024-12-01 21:23:58
2434,80,wishlist,2.0,,2024-09-23 07:09:35
2435,61,page_view,,,2024-02-27 04:21:45
2436,42,product_view,3.0,,2024-04-01 12:32:34
2437,58,checkout,,,2026-05-12 07:34:59
2438,98,page_view,,,2024-02-04 02:44:08
2439,12,page_view,,,2025-09-15 17:52:17
2440,2,page_view,,,2024-10-15 17:54:50
2441,65,page_view,,,2026-06-19 13:48:14
2442,24,page_view,,,2026-06-28 16:37:34
2443,52,search,,running shoes,2025-11-04 08:01:30
2444,76,search,,coffee maker,2025-06-09 01:33:40
2445,54,product_view,13.0,,2025-03-06 16:04:52
2446,42,search,,gaming keyboard,2024-03-07 05:40:07
2447,43,page_view,,,2024-05-31 05:49:03
2448,26,product_view,3.0,,2026-04-30 15:45:20
2449,41,page_view,,,2025-05-14 19:24:03
2450,26,product_view,15.0,,2024-10-27 09:33:28
2451,60,page_view,,,2024-08-14 05:12:01
2452,10,page_view,,,2026-02-23 23:21:18
2453,12,page_view,,,2024-04-03 09:46:58
2454,88,product_view,7.0,,2026-06-25 15:34:35
2455,32,page_view,,,2026-06-29 09:25:22
2456,25,add_to_cart,17.0,,2026-06-11 23:51:43
2457,67,checkout,,,2024-11-01 09:54:00
2458,35,product_view,23.0,,2026-05-04 04:05:55
2459,17,product_view,20.0,,2024-07-19 19:31:15
2460,8,add_to_cart,5.0,,2026-01-26 09:44:57
2461,17,wishlist,2.0,,2024-11-27 13:54:51
2462,58,page_view,,,2025-04-30 22:17:10
2463,9,page_view,,,2026-02-16 21:33:19
2464,30,page_view,,,2025-08-21 09:43:48
2465,45,product_view,7.0,,2026-03-07 19:45:56
2466,72,page_view,,,2025-06-28 03:04:39
2467,12,page_view,,,2024-04-14 06:56:02
2468,61,page_view,,,2025-06-26 13:12:11
2469,14,product_view,1.0,,2024-09-19 06:24:07
2470,47,page_view,,,2026-05-08 07:55:55
2471,35,page_view,,,2024-01-16 15:01:34
2472,77,page_view,,,2025-01-16 17:38:43
2473,64,product_view,10.0,,2025-07-23 14:19:49
2474,34,product_view,17.0,,2025-10-07 18:40:38
2475,4,product_view,2.0,,2024-09-19 04:37:48
2476,50,page_view,,,2026-05-06 04:38:45
2477,27,add_to_cart,1.0,,2025-09-07 11:28:39
2478,56,product_view,29.0,,2024-06-21 15:43:24
2479,54,page_view,,,2024-04-10 12:57:00
2480,64,page_view,,,2024-10-15 22:16:45
2481,23,checkout,,,2026-06-15 19:57:03
2482,30,product_view,12.0,,2025-03-23 00:51:16
2483,87,page_view,,,2024-09-15 12:59:59
2484,38,checkout,,,2026-01-20 20:17:39
2485,77,product_view,3.0,,2024-10-12 17:02:04
2486,28,page_view,,,2025-09-10 15:25:21
2487,53,add_to_cart,22.0,,2025-10-01 22:54:24
2488,17,search,,office chair,2024-05-11 11:20:25
2489,38,product_view,1.0,,2024-10-06 03:45:44
2490,88,page_view,,,2024-09-21 10:36:04
2491,94,page_view,,,2025-12-29 12:01:41
2492,24,product_view,6.0,,2026-08-28 12:20:06
2493,93,page_view,,,2025-05-11 04:18:28
2494,48,page_view,,,2025-06-05 10:29:38
2495,80,page_view,,,2025-12-22 14:49:31
2496,70,checkout,,,2025-11-23 23:46:09
2497,15,page_view,,,2026-07-30 22:22:43
2498,27,page_view,,,2025-09-06 05:31:39
2499,8,search,,running shoes,2025-07-06 04:55:25
2500,57,add_to_cart,3.0,,2024-07-04 03:51:01
2501,13,add_to_cart,4.0,,2025-08-20 17:28:14
2502,69,page_view,,,2025-04-16 04:07:32
2503,54,page_view,,,2026-05-28 17:42:11
2504,3,search,,gaming keyboard,2024-12-19 09:17:04
2505,40,search,,running shoes,2024-06-24 12:58:23
2506,66,page_view,,,2025-04-14 02:30:08
2507,46,page_view,,,2025-10-31 11:05:40
2508,87,wishlist,21.0,,2024-02-12 07:44:11
2509,43,add_to_cart,7.0,,2024-08-18 18:16:55
2510,71,search,,running shoes,2024-09-27 00:25:24
2511,12,product_view,10.0,,2025-03-09 06:29:05
2512,11,search,,office chair,2025-02-02 08:24:00
2513,3,product_view,17.0,,2024-08-24 13:33:56
2514,96,page_view,,,2024-04-23 21:20:32
2515,27,product_view,5.0,,2026-01-15 13:18:58
2516,3,product_view,4.0,,2026-08-15 06:57:20
2517,91,page_view,,,2026-06-22 04:56:11
2518,94,product_view,20.0,,2026-05-21 06:48:21
2519,51,product_view,28.0,,2025-09-09 12:17:55
2520,18,page_view,,,2025-12-03 22:46:30
2521,45,product_view,1.0,,2024-04-05 23:17:40
2522,8,product_view,9.0,,2025-01-22 13:45:09
2523,37,search,,gaming keyboard,2024-05-29 23:48:45
2524,10,page_view,,,2024-09-25 08:26:41
2525,33,search,,fitness tracker,2024-12-04 06:12:08
2526,68,page_view,,,2024-08-02 14:35:14
2527,8,product_view,7.0,,2026-03-18 10:45:06
2528,27,product_view,4.0,,2025-03-03 20:14:44
2529,97,page_view,,,2025-01-13 13:05:47
2530,24,product_view,27.0,,2026-03-05 07:12:48
2531,13,page_view,,,2024-09-14 19:44:07
2532,97,add_to_cart,2.0,,2026-06-03 14:43:48
2533,24,search,,fitness tracker,2026-05-10 11:43:56
2534,66,product_view,3.0,,2025-12-13 08:31:58
2535,6,page_view,,,2025-11-24 01:29:11
2536,33,search,,gaming keyboard,2025-08-05 20:15:47
2537,81,page_view,,,2024-02-03 20:54:28
2538,67,product_view,2.0,,2024-04-25 19:19:57
2539,54,page_view,,,2024-07-29 06:11:39
2540,75,product_view,6.0,,2024-11-19 16:37:31
2541,14,page_view,,,2026-06-06 04:29:37
2542,63,page_view,,,2025-12-28 11:22:45
2543,68,page_view,,,2025-02-16 03:46:00
2544,20,search,,gaming keyboard,2025-01-04 20:32:09
2545,89,page_view,,,2025-02-05 20:09:11
2546,68,page_view,,,2025-06-14 00:41:32
2547,71,search,,python book,2025-04-15 22:58:56
2548,43,product_view,10.0,,2024-08-05 10:12:41
2549,31,page_view,,,2026-01-07 19:44:24
2550,46,product_view,42.0,,2024-11-14 06:15:23
2551,84,page_view,,,2024-08-13 20:52:34
2552,69,page_view,,,2025-09-12 09:19:35
2553,40,add_to_cart,7.0,,2024-07-17 19:57:40
2554,61,page_view,,,2025-06-08 02:35:28
2555,69,page_view,,,2024-03-06 03:08:23
2556,48,page_view,,,2026-05-16 08:23:32
2557,41,page_view,,,2024-01-07 17:15:35
2558,12,page_view,,,2025-09-27 00:06:29
2559,82,wishlist,11.0,,2025-11-09 20:07:23
2560,10,purchase,37.0,,2025-05-08 11:14:15
2561,31,product_view,34.0,,2024-04-15 04:24:43
2562,78,product_view,11.0,,2025-10-23 23:28:12
2563,35,page_view,,,2024-03-12 07:11:11
2564,84,page_view,,,2024-02-01 09:11:56
2565,61,page_view,,,2024-10-01 19:12:00
2566,3,product_view,6.0,,2024-03-08 13:14:17
2567,28,checkout,,,2024-10-23 06:12:39
2568,60,checkout,,,2026-07-10 08:24:00
2569,3,search,,wireless headphones,2025-12-21 19:51:25
2570,14,product_view,12.0,,2024-02-27 21:20:01
2571,15,product_view,4.0,,2024-08-08 00:23:41
2572,71,product_view,17.0,,2026-04-24 22:19:37
2573,73,purchase,7.0,,2025-01-31 10:15:40
2574,96,product_view,8.0,,2024-10-01 04:40:24
2575,73,page_view,,,2024-03-04 03:08:24
2576,77,search,,fitness tracker,2025-06-21 08:25:26
2577,46,product_view,16.0,,2025-11-03 12:36:08
2578,40,product_view,1.0,,2025-10-09 04:11:52
2579,54,page_view,,,2026-01-31 23:28:44
2580,4,page_view,,,2026-06-01 09:52:42
2581,1,page_view,,,2025-11-30 12:03:21
2582,75,add_to_cart,5.0,,2024-11-24 19:12:32
2583,67,page_view,,,2024-05-03 08:22:19
2584,10,page_view,,,2026-08-28 01:32:55
2585,51,add_to_cart,9.0,,2024-04-12 02:51:18
2586,95,product_view,11.0,,2025-12-16 04:25:39
2587,47,page_view,,,2025-06-10 19:57:18
2588,94,wishlist,3.0,,2026-04-13 14:52:59
2589,86,product_view,2.0,,2025-09-13 12:06:30
2590,66,search,,running shoes,2024-12-02 22:49:51
2591,52,page_view,,,2025-07-31 22:20:11
2592,5,page_view,,,2024-04-16 02:54:21
2593,30,search,,python book,2025-11-13 19:45:19
2594,1,page_view,,,2025-10-29 18:00:13
2595,85,page_view,,,2025-01-28 10:43:33
2596,97,page_view,,,2025-11-12 12:15:04
2597,46,search,,running shoes,2024-12-14 18:38:29
2598,45,product_view,26.0,,2025-01-21 09:47:59
2599,82,page_view,,,2025-03-17 10:35:43
2600,48,page_view,,,2026-05-13 01:23:50
2601,3,page_view,,,2025-01-10 19:51:46
2602,14,page_view,,,2024-05-29 02:09:02
2603,63,page_view,,,2025-05-25 07:16:29
2604,9,page_view,,,2025-03-30 18:54:52
2605,100,page_view,,,2024-10-08 20:23:54
2606,15,page_view,,,2025-04-02 01:00:28
2607,12,product_view,5.0,,2024-09-07 05:37:49
2608,99,page_view,,,2026-07-23 03:50:07
2609,93,page_view,,,2025-10-22 04:24:11
2610,11,page_view,,,2025-08-03 15:25:32
2611,19,page_view,,,2025-08-20 01:49:49
2612,74,page_view,,,2026-01-03 05:40:16
2613,98,page_view,,,2024-01-29 08:30:24
2614,67,product_view,22.0,,2024-12-31 11:18:34
2615,84,page_view,,,2024-10-27 09:49:19
2616,98,page_view,,,2026-03-17 12:41:27
2617,54,page_view,,,2026-03-02 09:54:23
2618,34,page_view,,,2025-02-13 13:27:13
2619,90,product_view,25.0,,2024-02-29 17:26:30
2620,81,product_view,6.0,,2024-12-07 04:15:08
2621,83,page_view,,,2026-05-13 22:28:26
2622,61,product_view,8.0,,2025-07-19 15:43:23
2623,56,product_view,12.0,,2024-08-12 05:08:22
2624,83,page_view,,,2025-07-21 23:37:18
2625,64,product_view,3.0,,2024-03-30 17:38:01
2626,76,product_view,13.0,,2025-03-21 10:56:04
2627,66,search,,coffee maker,2024-07-20 16:00:32
2628,12,product_view,3.0,,2025-01-08 02:45:01
2629,63,page_view,,,2024-05-07 23:13:45
2630,100,page_view,,,2025-12-14 07:09:53
2631,65,checkout,,,2026-06-15 01:15:34
2632,23,add_to_cart,2.0,,2024-08-30 18:16:36
2633,57,page_view,,,2024-01-13 00:00:50
2634,25,product_view,1.0,,2024-12-02 11:09:27
2635,46,page_view,,,2025-11-09 16:08:39
2636,90,page_view,,,2025-09-02 03:57:58
2637,86,page_view,,,2024-08-07 16:01:04
2638,20,product_view,11.0,,2026-01-05 10:24:08
2639,15,search,,gaming keyboard,2025-11-16 07:13:27
2640,60,add_to_cart,3.0,,2025-08-29 05:19:03
2641,62,checkout,,,2025-08-16 12:42:54
2642,82,page_view,,,2026-08-09 08:00:45
2643,57,page_view,,,2024-01-24 00:05:21
2644,45,page_view,,,2026-08-29 06:20:47
2645,98,product_view,25.0,,2024-07-10 23:12:46
2646,96,purchase,16.0,,2025-07-07 14:10:32
2647,53,product_view,3.0,,2024-09-25 00:15:53
2648,94,page_view,,,2024-09-07 08:08:47
2649,23,product_view,12.0,,2026-02-20 15:44:20
2650,47,checkout,,,2026-05-20 02:11:02
2651,90,product_view,3.0,,2024-01-08 22:38:34
2652,90,page_view,,,2024-06-19 13:35:49
2653,32,product_view,13.0,,2025-04-08 00:19:08
2654,60,page_view,,,2026-01-27 00:11:17
2655,30,page_view,,,2026-07-20 07:58:43
2656,43,page_view,,,2026-01-10 01:49:50
2657,20,page_view,,,2024-03-10 18:40:45
2658,63,product_view,10.0,,2026-08-16 02:32:53
2659,91,page_view,,,2026-08-16 01:35:42
2660,80,page_view,,,2025-05-11 21:09:08
2661,46,page_view,,,2024-10-15 07:39:07
2662,15,page_view,,,2025-04-18 23:39:16
2663,12,add_to_cart,14.0,,2024-07-22 00:59:29
2664,87,page_view,,,2024-04-22 03:24:24
2665,7,page_view,,,2026-01-09 03:46:14
2666,92,search,,fitness tracker,2024-10-17 18:47:43
2667,23,product_view,15.0,,2025-08-21 21:11:58
2668,89,search,,fitness tracker,2025-12-18 03:12:35
2669,81,product_view,3.0,,2024-10-01 02:01:44
2670,44,page_view,,,2025-02-12 14:33:47
2671,17,page_view,,,2024-02-23 07:12:17
2672,41,page_view,,,2026-08-02 20:06:09
2673,25,page_view,,,2024-10-31 07:13:55
2674,1,product_view,1.0,,2025-10-18 21:03:49
2675,52,page_view,,,2026-01-11 16:15:24
2676,37,wishlist,3.0,,2026-06-30 23:54:55
2677,75,search,,gaming keyboard,2026-04-21 04:09:33
2678,26,page_view,,,2025-09-06 05:18:57
2679,71,product_view,7.0,,2024-01-24 14:32:43
2680,25,add_to_cart,8.0,,2024-11-30 23:52:18
2681,73,add_to_cart,16.0,,2026-02-11 19:48:02
2682,11,page_view,,,2025-09-18 21:57:42
2683,4,page_view,,,2024-05-14 02:28:19
2684,61,page_view,,,2024-01-03 05:24:24
2685,19,page_view,,,2025-03-30 02:52:00
2686,68,page_view,,,2024-02-12 11:43:48
2687,60,product_view,2.0,,2024-06-18 09:23:25
2688,20,search,,python book,2024-08-17 03:13:53
2689,74,page_view,,,2025-09-15 05:38:26
2690,92,add_to_cart,6.0,,2024-10-18 21:46:30
2691,25,product_view,6.0,,2026-02-17 18:57:53
2692,13,product_view,7.0,,2026-08-22 03:05:00
2693,35,checkout,,,2024-05-20 11:35:55
2694,22,checkout,,,2024-06-22 11:28:35
2695,97,page_view,,,2026-05-27 08:21:23
2696,51,search,,skin care,2024-06-07 11:57:53
2697,67,page_view,,,2024-11-18 07:13:39
2698,33,page_view,,,2024-05-19 18:41:12
2699,21,page_view,,,2024-04-12 00:47:41
2700,84,page_view,,,2024-07-15 07:04:27
2701,5,page_view,,,2026-07-12 04:44:05
2702,89,page_view,,,2024-05-12 09:55:28
2703,56,page_view,,,2025-09-07 06:15:56
2704,54,page_view,,,2026-03-05 13:39:24
2705,48,search,,running shoes,2026-08-01 14:00:39
2706,4,page_view,,,2025-04-14 03:25:06
2707,50,product_view,4.0,,2024-10-05 16:15:43
2708,20,page_view,,,2024-03-15 02:54:04
2709,74,page_view,,,2026-04-08 05:53:35
2710,68,product_view,1.0,,2025-09-25 22:30:51
2711,13,page_view,,,2024-10-07 14:13:37
2712,6,product_view,16.0,,2025-03-17 03:56:48
2713,95,page_view,,,2025-06-18 03:54:52
2714,82,page_view,,,2024-09-14 20:44:26
2715,40,add_to_cart,5.0,,2026-07-12 03:34:18
2716,11,purchase,3.0,,2025-05-24 04:08:41
2717,78,search,,coffee maker,2025-01-25 06:05:35
2718,62,page_view,,,2024-10-18 06:17:45
2719,53,page_view,,,2025-02-19 21:08:20
2720,71,search,,office chair,2024-10-26 15:41:42
2721,57,page_view,,,2024-01-25 03:03:32
2722,18,page_view,,,2025-10-08 09:31:41
2723,79,page_view,,,2024-10-04 19:38:39
2724,44,page_view,,,2024-12-24 08:33:43
2725,76,product_view,3.0,,2024-05-05 20:24:35
2726,30,page_view,,,2024-11-27 01:05:38
2727,42,product_view,11.0,,2026-04-18 20:03:16
2728,3,page_view,,,2025-06-11 23:24:03
2729,27,page_view,,,2025-08-09 17:39:43
2730,51,product_view,10.0,,2024-04-13 02:25:12
2731,79,page_view,,,2024-12-24 04:52:11
2732,99,product_view,7.0,,2026-06-04 03:44:30
2733,75,wishlist,4.0,,2026-05-12 21:38:07
2734,10,checkout,,,2024-04-15 11:43:46
2735,17,page_view,,,2025-10-29 02:19:05
2736,65,purchase,4.0,,2026-02-21 02:41:29
2737,33,page_view,,,2026-06-19 03:42:57
2738,32,page_view,,,2026-02-05 07:14:42
2739,97,wishlist,2.0,,2025-01-25 12:42:30
2740,17,add_to_cart,14.0,,2026-08-25 02:32:31
2741,3,page_view,,,2024-09-25 19:03:23
2742,50,product_view,15.0,,2025-01-01 08:36:50
2743,43,page_view,,,2024-09-18 09:16:50
2744,100,page_view,,,2026-04-28 01:21:06
2745,7,checkout,,,2024-06-29 16:20:10
2746,40,search,,office chair,2026-03-17 09:52:04
2747,5,add_to_cart,4.0,,2026-08-17 04:11:24
2748,38,page_view,,,2026-07-14 15:49:27
2749,23,product_view,35.0,,2025-09-14 10:22:18
2750,48,search,,coffee maker,2025-10-02 04:49:32
2751,52,page_view,,,2025-07-28 15:46:47
2752,54,page_view,,,2025-09-17 13:41:48
2753,80,page_view,,,2026-08-29 07:46:46
2754,45,page_view,,,2026-03-13 13:20:17
2755,63,product_view,1.0,,2026-07-31 10:08:52
2756,21,page_view,,,2024-08-04 18:43:34
2757,66,page_view,,,2025-10-16 23:15:28
2758,93,page_view,,,2025-01-20 21:19:35
2759,92,product_view,11.0,,2024-10-12 16:42:01
2760,99,page_view,,,2026-04-28 19:33:07
2761,9,purchase,1.0,,2026-08-07 16:59:48
2762,34,product_view,17.0,,2025-08-18 06:12:58
2763,100,page_view,,,2024-10-16 14:44:55
2764,88,page_view,,,2025-11-29 02:19:12
2765,90,page_view,,,2026-08-12 03:56:50
2766,26,checkout,,,2026-04-12 20:35:19
2767,10,search,,gaming keyboard,2024-07-28 01:04:51
2768,1,page_view,,,2024-10-21 20:31:04
2769,51,page_view,,,2024-05-17 07:31:25
2770,74,page_view,,,2025-03-11 03:33:49
2771,6,search,,running shoes,2026-06-11 14:57:30
2772,76,page_view,,,2026-01-11 23:55:45
2773,46,search,,gaming keyboard,2024-09-15 00:27:23
2774,17,page_view,,,2026-01-28 08:00:04
2775,60,checkout,,,2024-06-29 07:34:09
2776,49,product_view,2.0,,2026-07-01 14:38:27
2777,6,wishlist,6.0,,2025-06-24 23:40:26
2778,79,page_view,,,2026-01-13 13:53:40
2779,53,product_view,14.0,,2026-06-21 13:07:59
2780,88,wishlist,3.0,,2024-06-05 04:42:00
2781,31,purchase,8.0,,2025-06-20 14:43:09
2782,34,product_view,1.0,,2024-04-17 04:15:10
2783,21,page_view,,,2024-05-25 08:21:36
2784,73,page_view,,,2026-08-05 04:02:41
2785,99,page_view,,,2025-05-13 07:47:23
2786,40,page_view,,,2026-05-21 00:05:44
2787,58,page_view,,,2025-11-01 13:15:36
2788,22,page_view,,,2024-05-07 07:57:10
2789,34,page_view,,,2024-06-05 12:38:57
2790,25,page_view,,,2024-02-21 20:53:36
2791,27,page_view,,,2024-10-24 14:24:57
2792,53,page_view,,,2024-01-17 18:33:15
2793,38,page_view,,,2024-02-29 22:49:23
2794,95,page_view,,,2025-12-29 04:49:58
2795,84,checkout,,,2025-08-07 12:20:36
2796,39,product_view,2.0,,2024-04-25 15:23:36
2797,93,product_view,2.0,,2024-09-03 15:18:00
2798,53,page_view,,,2024-07-12 16:21:39
2799,67,add_to_cart,45.0,,2025-12-29 20:55:33
2800,46,product_view,1.0,,2024-03-22 21:43:19
2801,79,page_view,,,2025-08-22 09:26:00
2802,44,search,,gaming keyboard,2026-03-22 02:10:15
2803,81,product_view,6.0,,2024-12-17 22:41:34
2804,3,product_view,10.0,,2025-09-09 12:08:21
2805,63,product_view,9.0,,2026-01-23 21:00:30
2806,22,page_view,,,2026-04-17 18:34:48
2807,17,product_view,11.0,,2025-05-27 12:33:39
2808,56,page_view,,,2026-05-17 12:46:39
2809,29,add_to_cart,30.0,,2025-01-18 10:13:19
2810,78,page_view,,,2024-07-06 15:06:05
2811,46,product_view,4.0,,2025-01-24 07:30:11
2812,30,product_view,12.0,,2025-09-30 02:31:56
2813,38,page_view,,,2025-11-10 08:26:12
2814,91,page_view,,,2026-07-15 07:37:12
2815,61,product_view,23.0,,2026-01-02 08:51:31
2816,25,add_to_cart,2.0,,2025-02-26 07:34:20
2817,60,page_view,,,2024-09-07 23:39:32
2818,52,page_view,,,2025-12-03 06:20:00
2819,84,product_view,9.0,,2025-07-16 05:40:01
2820,25,product_view,7.0,,2024-05-25 14:26:53
2821,87,page_view,,,2024-09-30 15:18:01
2822,29,product_view,1.0,,2024-08-30 18:26:03
2823,40,page_view,,,2024-11-02 14:32:32
2824,13,search,,python book,2024-12-09 02:45:00
2825,3,product_view,1.0,,2025-06-25 05:25:44
2826,4,page_view,,,2024-03-10 14:37:04
2827,38,page_view,,,2026-07-26 16:55:18
2828,71,product_view,12.0,,2026-02-16 12:23:15
2829,80,product_view,20.0,,2026-07-30 20:56:57
2830,27,search,,running shoes,2026-08-28 00:52:03
2831,92,page_view,,,2024-02-03 20:18:28
2832,12,product_view,5.0,,2024-04-02 15:59:44
2833,66,page_view,,,2024-03-18 00:13:00
2834,97,page_view,,,2024-08-13 23:45:19
2835,43,add_to_cart,15.0,,2024-11-21 18:56:02
2836,96,page_view,,,2026-02-25 02:36:30
2837,51,product_view,2.0,,2026-05-27 14:21:19
2838,5,product_view,15.0,,2025-12-02 09:01:46
2839,12,search,,coffee maker,2024-07-21 08:25:59
2840,88,page_view,,,2026-03-20 11:48:28
2841,59,page_view,,,2025-04-19 17:33:56
2842,37,page_view,,,2024-01-11 13:40:56
2843,14,page_view,,,2026-06-08 06:55:54
2844,51,add_to_cart,7.0,,2024-07-03 19:57:00
2845,15,page_view,,,2025-03-10 04:25:45
2846,16,page_view,,,2024-12-12 14:40:33
2847,38,page_view,,,2026-03-16 19:36:37
2848,92,page_view,,,2025-01-19 10:12:22
2849,47,add_to_cart,9.0,,2026-05-21 02:33:09
2850,28,page_view,,,2026-07-24 06:31:04
2851,17,page_view,,,2026-01-30 04:46:12
2852,70,page_view,,,2025-02-09 11:29:02
2853,70,product_view,10.0,,2024-12-08 13:37:43
2854,100,add_to_cart,13.0,,2026-05-28 03:41:23
2855,57,add_to_cart,24.0,,2026-06-14 15:05:32
2856,48,page_view,,,2024-10-08 18:06:20
2857,47,page_view,,,2025-01-13 19:22:18
2858,40,product_view,5.0,,2024-03-12 16:33:29
2859,57,product_view,1.0,,2025-09-22 02:12:54
2860,94,page_view,,,2025-06-10 10:47:12
2861,100,page_view,,,2025-03-20 09:09:06
2862,68,page_view,,,2024-06-17 20:57:51
2863,37,purchase,11.0,,2024-04-09 18:07:05
2864,7,product_view,5.0,,2024-01-02 22:52:22
2865,62,product_view,7.0,,2026-01-05 16:05:46
2866,100,product_view,8.0,,2026-07-19 09:33:02
2867,55,product_view,10.0,,2024-11-12 14:14:41
2868,85,product_view,10.0,,2026-05-11 11:27:23
2869,57,page_view,,,2026-01-12 11:34:17
2870,86,page_view,,,2025-08-04 16:37:22
2871,92,search,,coffee maker,2025-03-13 08:13:21
2872,57,page_view,,,2025-11-18 00:21:15
2873,6,search,,fitness tracker,2026-02-26 17:01:03
2874,3,checkout,,,2026-04-07 10:42:05
2875,22,search,,coffee maker,2026-07-29 21:36:56
2876,53,checkout,,,2026-03-22 08:38:55
2877,63,page_view,,,2024-08-07 09:20:58
2878,37,page_view,,,2026-01-02 07:48:10
2879,93,page_view,,,2025-08-10 21:01:24
2880,38,add_to_cart,33.0,,2025-04-16 18:07:09
2881,43,product_view,3.0,,2024-08-20 19:13:07
2882,83,page_view,,,2026-03-09 07:29:26
2883,3,page_view,,,2026-05-12 04:04:48
2884,87,page_view,,,2026-03-08 10:59:52
2885,95,checkout,,,2024-10-31 21:48:43
2886,96,page_view,,,2025-08-07 03:05:18
2887,81,product_view,38.0,,2026-01-23 09:03:14
2888,48,purchase,20.0,,2024-02-27 15:26:38
2889,23,product_view,1.0,,2024-01-22 13:23:14
2890,85,page_view,,,2024-12-19 17:35:59
2891,25,page_view,,,2026-01-27 10:54:43
2892,5,page_view,,,2024-08-29 06:29:09
2893,58,product_view,13.0,,2026-07-30 05:48:27
2894,24,add_to_cart,22.0,,2024-02-08 15:38:13
2895,98,checkout,,,2025-01-17 15:12:41
2896,17,page_view,,,2026-05-21 14:15:47
2897,79,checkout,,,2025-11-25 19:06:38
2898,58,page_view,,,2025-02-08 14:53:15
2899,30,page_view,,,2024-09-08 19:41:37
2900,77,page_view,,,2025-11-14 05:14:00
2901,72,page_view,,,2024-11-17 13:23:11
2902,99,product_view,15.0,,2024-12-26 12:26:16
2903,74,search,,wireless headphones,2025-01-15 08:23:50
2904,70,page_view,,,2026-05-11 11:27:29
2905,75,product_view,26.0,,2025-07-21 18:50:16
2906,31,add_to_cart,5.0,,2024-04-18 13:14:44
2907,52,product_view,22.0,,2026-03-17 23:35:57
2908,82,page_view,,,2024-01-02 23:49:49
2909,74,page_view,,,2026-07-01 03:28:50
2910,5,page_view,,,2025-01-04 20:04:03
2911,49,add_to_cart,6.0,,2026-07-15 04:23:40
2912,6,product_view,6.0,,2024-08-22 02:57:04
2913,92,page_view,,,2024-04-13 22:18:38
2914,21,search,,office chair,2025-01-06 13:31:42
2915,44,product_view,33.0,,2025-03-27 18:09:18
2916,24,search,,skin care,2025-03-25 17:15:46
2917,6,product_view,10.0,,2025-11-03 18:45:04
2918,47,page_view,,,2026-08-26 06:29:54
2919,53,page_view,,,2024-12-11 09:13:24
2920,58,product_view,2.0,,2025-11-03 08:09:33
2921,62,product_view,5.0,,2025-01-01 17:58:35
2922,1,page_view,,,2024-12-02 11:55:40
2923,30,product_view,10.0,,2024-07-02 09:10:23
2924,94,product_view,1.0,,2025-08-29 09:08:15
2925,29,page_view,,,2026-02-11 18:34:51
2926,93,product_view,2.0,,2025-04-13 05:48:00
2927,48,purchase,22.0,,2026-06-01 04:04:22
2928,33,search,,office chair,2024-08-04 04:08:51
2929,39,product_view,36.0,,2024-08-17 10:32:26
2930,51,page_view,,,2025-04-27 02:41:12
2931,41,page_view,,,2025-05-25 20:36:21
2932,55,product_view,4.0,,2024-01-23 21:35:22
2933,48,page_view,,,2024-09-14 09:36:06
2934,35,product_view,30.0,,2025-06-16 19:52:29
2935,34,product_view,25.0,,2025-01-30 06:57:56
2936,34,checkout,,,2026-04-22 05:36:09
2937,85,product_view,14.0,,2025-09-23 11:32:44
2938,46,checkout,,,2025-08-04 00:59:36
2939,26,search,,python book,2025-05-08 00:38:53
2940,18,product_view,17.0,,2025-01-28 13:39:00
2941,86,page_view,,,2026-03-26 06:32:33
2942,92,product_view,18.0,,2025-06-30 06:33:05
2943,45,wishlist,1.0,,2025-03-10 22:27:41
2944,41,search,,office chair,2025-12-25 16:21:10
2945,86,search,,coffee maker,2026-07-11 03:33:02
2946,50,product_view,21.0,,2025-06-02 16:50:26
2947,90,page_view,,,2024-04-09 21:44:31
2948,56,search,,running shoes,2025-06-13 18:33:06
2949,78,add_to_cart,4.0,,2026-04-14 14:47:10
2950,55,page_view,,,2025-06-26 07:10:47
2951,49,product_view,19.0,,2026-05-18 11:03:49
2952,46,product_view,20.0,,2024-03-19 09:48:14
2953,58,page_view,,,2024-06-03 22:06:11
2954,55,page_view,,,2024-05-31 04:49:37
2955,44,search,,coffee maker,2026-03-25 07:28:17
2956,6,search,,python book,2025-12-02 10:59:11
2957,90,wishlist,17.0,,2025-05-25 04:33:53
2958,24,wishlist,10.0,,2024-11-01 13:42:08
2959,54,wishlist,23.0,,2025-03-23 17:27:35
2960,19,page_view,,,2026-05-09 19:53:21
2961,76,checkout,,,2024-04-18 01:10:31
2962,96,search,,running shoes,2025-08-14 12:28:52
2963,99,page_view,,,2024-03-25 14:56:34
2964,33,page_view,,,2025-06-28 21:03:50
2965,12,search,,skin care,2026-08-12 00:19:32
2966,37,page_view,,,2025-02-20 06:04:35
2967,86,checkout,,,2024-02-06 10:09:36
2968,61,page_view,,,2026-08-05 17:57:56
2969,33,search,,running shoes,2024-12-16 19:42:22
2970,93,page_view,,,2025-01-14 19:05:45
2971,60,page_view,,,2024-07-15 11:15:34
2972,45,checkout,,,2025-09-26 14:03:03
2973,37,page_view,,,2025-09-10 08:23:40
2974,6,page_view,,,2025-07-30 19:40:17
2975,95,page_view,,,2024-08-18 07:34:45
2976,61,product_view,6.0,,2024-10-05 00:06:11
2977,5,search,,gaming keyboard,2024-02-24 05:38:44
2978,99,page_view,,,2025-11-20 01:02:54
2979,91,checkout,,,2026-02-26 00:03:32
2980,81,page_view,,,2025-03-21 17:18:15
2981,85,product_view,11.0,,2025-05-01 04:51:36
2982,73,product_view,11.0,,2024-03-16 23:30:08
2983,84,add_to_cart,11.0,,2024-07-14 12:55:14
2984,68,search,,coffee maker,2025-06-28 21:10:41
2985,11,page_view,,,2026-08-27 21:46:54
2986,72,product_view,3.0,,2026-08-28 15:16:37
2987,67,page_view,,,2025-02-20 04:34:06
2988,19,search,,running shoes,2025-11-10 23:56:31
2989,54,page_view,,,2025-01-27 13:21:53
2990,36,page_view,,,2024-04-07 04:53:29
2991,38,add_to_cart,6.0,,2025-01-14 14:21:47
2992,28,page_view,,,2026-05-02 01:31:58
2993,89,page_view,,,2024-06-15 08:45:22
2994,79,product_view,33.0,,2024-04-02 18:02:53
2995,66,product_view,4.0,,2024-12-27 22:20:47
2996,54,page_view,,,2025-04-04 05:16:14
2997,99,page_view,,,2026-07-10 08:54:57
2998,68,page_view,,,2024-02-04 05:47:34
2999,81,product_view,32.0,,2025-03-08 02:00:47
3000,29,product_view,11.0,,2025-08-22 14:59:44
3001,53,product_view,13.0,,2026-01-02 20:43:05
3002,39,page_view,,,2024-11-23 17:36:25
3003,64,page_view,,,2024-11-13 04:17:26
3004,78,page_view,,,2026-07-30 10:47:18
3005,24,product_view,1.0,,2025-09-17 00:49:01
3006,85,page_view,,,2024-03-03 09:53:30
3007,43,search,,coffee maker,2024-11-29 22:09:31
3008,43,product_view,4.0,,2025-07-28 10:22:51
3009,15,page_view,,,2025-01-11 21:57:47
3010,39,page_view,,,2024-11-01 21:16:12
3011,90,add_to_cart,1.0,,2026-08-09 02:13:10
3012,76,product_view,2.0,,2024-03-21 22:23:19
3013,61,page_view,,,2026-01-26 12:32:36
3014,97,page_view,,,2024-12-03 10:54:44
3015,63,page_view,,,2024-06-03 04:48:07
3016,97,product_view,4.0,,2025-05-08 18:38:00
3017,2,wishlist,29.0,,2026-05-02 15:37:11
3018,91,product_view,5.0,,2026-03-23 22:12:49
3019,64,page_view,,,2024-04-29 12:47:41
3020,44,page_view,,,2024-06-10 14:46:39
3021,14,product_view,9.0,,2026-05-31 19:23:58
3022,43,product_view,2.0,,2026-08-03 01:09:58
3023,36,product_view,6.0,,2025-09-16 23:24:59
3024,34,page_view,,,2025-10-04 16:20:00
3025,68,page_view,,,2025-02-14 14:14:51
3026,90,search,,coffee maker,2024-08-01 14:06:39
3027,66,page_view,,,2026-01-10 04:39:27
3028,41,page_view,,,2025-11-26 16:12:31
3029,29,add_to_cart,15.0,,2024-08-06 22:18:25
3030,25,page_view,,,2026-05-08 19:47:11
3031,64,page_view,,,2024-08-15 16:43:49
3032,6,page_view,,,2024-12-05 00:10:41
3033,10,search,,coffee maker,2024-03-22 23:56:16
3034,60,add_to_cart,15.0,,2025-09-22 09:55:21
3035,50,wishlist,10.0,,2024-07-22 16:39:55
3036,41,checkout,,,2026-08-21 05:09:37
3037,81,page_view,,,2025-03-06 11:30:25
3038,13,page_view,,,2024-09-13 16:47:30
3039,96,product_view,18.0,,2024-11-26 03:04:15
3040,88,page_view,,,2026-08-21 18:34:10
3041,82,product_view,6.0,,2024-05-23 22:15:29
3042,71,page_view,,,2026-05-29 15:28:47
3043,12,page_view,,,2024-05-02 05:15:20
3044,62,page_view,,,2025-10-10 16:53:26
3045,61,product_view,15.0,,2025-10-29 19:00:56
3046,80,wishlist,1.0,,2025-06-04 13:43:01
3047,41,page_view,,,2025-12-30 14:52:58
3048,27,page_view,,,2026-06-01 13:44:09
3049,32,product_view,11.0,,2024-12-22 23:48:46
3050,66,page_view,,,2024-02-15 18:25:00
3051,94,page_view,,,2025-10-08 15:27:19
3052,21,page_view,,,2026-04-23 22:27:53
3053,24,page_view,,,2024-11-13 12:23:57
3054,15,page_view,,,2024-05-16 09:40:05
3055,7,page_view,,,2026-02-15 11:20:13
3056,84,page_view,,,2025-10-29 11:16:24
3057,79,product_view,21.0,,2026-02-05 16:49:10
3058,28,product_view,13.0,,2025-01-30 04:02:37
3059,40,page_view,,,2026-03-05 19:06:00
3060,10,search,,wireless headphones,2025-11-17 11:51:22
3061,89,add_to_cart,4.0,,2025-02-25 15:23:33
3062,25,page_view,,,2026-08-31 12:01:00
3063,48,wishlist,2.0,,2025-05-20 22:16:40
3064,1,add_to_cart,11.0,,2025-04-20 20:03:49
3065,68,search,,gaming keyboard,2024-03-06 15:20:52
3066,63,wishlist,33.0,,2024-01-10 23:14:22
3067,14,product_view,9.0,,2025-09-21 03:09:17
3068,61,product_view,1.0,,2025-09-12 02:07:58
3069,33,page_view,,,2025-08-26 07:09:47
3070,31,page_view,,,2025-05-28 19:13:32
3071,9,product_view,31.0,,2026-07-28 15:57:06
3072,89,page_view,,,2025-09-18 03:41:04
3073,12,page_view,,,2024-07-25 17:29:20
3074,59,page_view,,,2026-06-24 21:54:36
3075,13,page_view,,,2025-08-20 14:23:41
3076,99,checkout,,,2026-03-10 18:41:12
3077,80,checkout,,,2026-02-10 22:02:23
3078,61,add_to_cart,1.0,,2026-08-27 13:17:51
3079,73,page_view,,,2025-05-04 06:56:46
3080,9,page_view,,,2026-02-20 07:03:22
3081,75,page_view,,,2024-02-22 18:54:46
3082,82,product_view,13.0,,2025-12-22 00:45:22
3083,43,page_view,,,2026-03-28 15:58:00
3084,31,product_view,28.0,,2025-11-06 23:57:20
3085,2,product_view,9.0,,2026-02-01 00:43:06
3086,67,page_view,,,2024-03-17 06:27:38
3087,96,checkout,,,2026-08-17 14:06:07
3088,33,page_view,,,2024-06-25 05:30:30
3089,15,page_view,,,2025-04-17 08:54:45
3090,65,page_view,,,2025-09-06 02:29:17
3091,100,search,,python book,2024-11-11 07:45:32
3092,32,product_view,17.0,,2025-04-03 11:11:41
3093,31,search,,running shoes,2024-10-05 07:28:50
3094,65,page_view,,,2025-10-19 22:14:20
3095,44,search,,coffee maker,2024-08-24 21:58:16
3096,26,product_view,3.0,,2024-05-12 21:05:17
3097,28,product_view,15.0,,2026-06-22 17:18:57
3098,91,product_view,28.0,,2026-04-26 23:12:29
3099,89,add_to_cart,3.0,,2024-09-13 12:45:17
3100,43,checkout,,,2025-12-18 18:55:21
3101,2,page_view,,,2025-09-09 08:12:59
3102,98,search,,python book,2024-12-23 01:04:54
3103,34,product_view,6.0,,2024-12-16 12:03:59
3104,15,product_view,9.0,,2024-02-28 23:33:50
3105,33,purchase,3.0,,2025-12-30 15:29:23
3106,77,product_view,14.0,,2025-10-12 11:13:16
3107,64,page_view,,,2024-07-25 20:08:08
3108,84,search,,coffee maker,2024-06-07 13:04:18
3109,65,search,,office chair,2025-06-27 03:26:57
3110,32,add_to_cart,12.0,,2024-04-13 17:17:06
3111,46,product_view,2.0,,2025-09-27 05:16:38
3112,93,page_view,,,2024-11-29 20:04:38
3113,36,product_view,10.0,,2026-05-20 16:03:42
3114,11,page_view,,,2026-04-03 14:40:46
3115,87,page_view,,,2024-03-20 20:59:16
3116,100,page_view,,,2024-09-14 08:23:36
3117,82,product_view,7.0,,2024-09-01 15:57:50
3118,80,product_view,1.0,,2025-09-20 11:35:04
3119,26,search,,wireless headphones,2026-06-29 02:43:40
3120,2,page_view,,,2024-07-30 15:29:25
3121,20,product_view,7.0,,2025-07-28 22:51:37
3122,32,product_view,14.0,,2024-03-27 23:32:55
3123,13,product_view,22.0,,2024-10-23 18:54:04
3124,58,product_view,6.0,,2026-06-29 09:00:39
3125,93,page_view,,,2026-04-23 14:00:31
3126,11,add_to_cart,27.0,,2026-01-15 11:35:40
3127,9,product_view,3.0,,2026-04-21 18:41:55
3128,30,page_view,,,2025-11-13 15:56:02
3129,84,page_view,,,2024-05-19 13:03:09
3130,69,product_view,10.0,,2026-08-04 02:13:27
3131,2,page_view,,,2025-08-20 00:38:15
3132,81,page_view,,,2024-11-20 10:02:25
3133,54,product_view,3.0,,2026-04-29 14:26:22
3134,31,page_view,,,2026-06-12 04:11:42
3135,66,page_view,,,2025-09-03 12:44:51
3136,97,page_view,,,2025-12-23 18:20:29
3137,34,add_to_cart,3.0,,2024-08-21 17:20:56
3138,88,page_view,,,2025-08-19 17:59:10
3139,75,product_view,2.0,,2026-01-31 22:47:05
3140,5,search,,gaming keyboard,2026-01-13 05:13:29
3141,96,search,,running shoes,2024-06-07 16:10:18
3142,28,search,,python book,2026-02-25 12:07:11
3143,78,search,,python book,2025-02-23 14:48:10
3144,15,search,,office chair,2024-10-19 13:04:33
3145,62,search,,coffee maker,2026-01-03 08:35:47
3146,38,checkout,,,2025-03-28 21:00:29
3147,90,page_view,,,2024-05-19 06:34:59
3148,66,add_to_cart,28.0,,2024-12-20 12:17:10
3149,81,page_view,,,2026-06-25 21:17:22
3150,58,page_view,,,2024-02-02 21:33:09
3151,38,product_view,9.0,,2024-12-20 05:24:34
3152,68,search,,running shoes,2026-01-31 01:49:43
3153,97,page_view,,,2025-04-25 18:26:01
3154,32,page_view,,,2026-06-27 17:00:16
3155,46,page_view,,,2025-03-20 18:56:30
3156,84,page_view,,,2024-09-01 18:23:33
3157,37,wishlist,1.0,,2024-08-29 20:10:25
3158,56,product_view,10.0,,2025-12-16 19:33:37
3159,51,page_view,,,2024-04-19 11:21:38
3160,87,add_to_cart,8.0,,2025-02-15 13:23:28
3161,5,search,,fitness tracker,2025-07-06 21:18:50
3162,98,page_view,,,2026-04-01 15:54:41
3163,65,product_view,2.0,,2024-06-13 19:43:13
3164,99,page_view,,,2025-08-09 01:02:24
3165,68,page_view,,,2024-07-02 01:39:44
3166,69,search,,office chair,2026-04-03 12:24:53
3167,27,product_view,1.0,,2024-01-06 19:32:12
3168,93,page_view,,,2025-08-26 20:54:14
3169,59,page_view,,,2024-01-12 09:52:09
3170,46,search,,wireless headphones,2026-07-07 06:19:32
3171,53,page_view,,,2026-03-21 01:04:09
3172,49,page_view,,,2025-07-22 09:04:03
3173,91,product_view,16.0,,2026-02-23 20:21:25
3174,9,page_view,,,2024-04-05 01:30:44
3175,90,page_view,,,2026-01-19 13:33:49
3176,66,page_view,,,2026-04-30 10:16:25
3177,90,page_view,,,2024-01-28 14:13:58
3178,27,product_view,1.0,,2024-11-15 09:19:05
3179,7,page_view,,,2026-05-06 08:02:19
3180,28,page_view,,,2025-08-22 02:00:38
3181,17,page_view,,,2026-08-24 10:34:18
3182,94,page_view,,,2024-08-28 20:18:26
3183,60,search,,coffee maker,2025-10-29 19:24:03
3184,28,add_to_cart,11.0,,2026-01-17 14:45:07
3185,13,page_view,,,2024-07-26 15:58:23
3186,48,page_view,,,2024-10-29 16:30:49
3187,18,page_view,,,2024-10-27 13:51:43
3188,16,page_view,,,2025-07-13 10:33:14
3189,70,product_view,4.0,,2024-01-03 16:57:15
3190,56,wishlist,22.0,,2026-08-06 13:50:03
3191,22,product_view,27.0,,2025-02-11 15:40:24
3192,49,page_view,,,2025-10-17 18:23:10
3193,27,search,,wireless headphones,2025-07-19 02:02:16
3194,12,search,,wireless headphones,2025-02-01 16:32:54
3195,3,search,,office chair,2025-04-20 20:25:58
3196,57,purchase,5.0,,2025-03-21 15:30:42
3197,18,add_to_cart,6.0,,2025-01-15 20:59:16
3198,21,page_view,,,2024-02-29 21:06:55
3199,5,product_view,20.0,,2026-08-13 09:39:49
3200,24,page_view,,,2024-03-29 21:33:44
3201,35,product_view,12.0,,2024-10-25 02:28:21
3202,2,product_view,4.0,,2025-02-13 11:40:00
3203,41,product_view,6.0,,2025-08-04 00:44:26
3204,94,search,,running shoes,2024-05-29 05:57:50
3205,42,page_view,,,2026-03-07 20:23:11
3206,48,search,,running shoes,2025-01-08 00:36:12
3207,24,page_view,,,2024-01-05 16:07:33
3208,41,search,,gaming keyboard,2025-06-03 10:59:03
3209,65,page_view,,,2025-02-08 04:33:08
3210,20,add_to_cart,2.0,,2025-08-17 21:39:03
3211,53,product_view,1.0,,2024-01-27 18:05:09
3212,78,page_view,,,2024-01-04 13:34:55
3213,18,product_view,3.0,,2026-06-11 06:03:40
3214,80,page_view,,,2024-08-31 00:18:58
3215,46,search,,gaming keyboard,2024-04-03 10:19:08
3216,19,product_view,7.0,,2026-01-08 01:12:54
3217,33,product_view,5.0,,2026-04-28 04:04:55
3218,76,add_to_cart,4.0,,2024-11-08 00:12:41
3219,24,page_view,,,2026-05-09 01:19:27
3220,55,product_view,15.0,,2026-08-09 23:27:34
3221,78,page_view,,,2025-12-05 19:10:25
3222,41,search,,coffee maker,2025-04-28 17:04:53
3223,60,add_to_cart,2.0,,2025-02-24 10:09:10
3224,75,page_view,,,2025-12-22 13:35:00
3225,23,product_view,1.0,,2026-05-19 10:52:04
3226,73,wishlist,12.0,,2026-02-24 20:40:26
3227,73,add_to_cart,5.0,,2026-03-14 21:18:25
3228,48,add_to_cart,26.0,,2024-01-16 03:31:27
3229,52,page_view,,,2024-06-25 05:02:38
3230,78,add_to_cart,10.0,,2026-08-23 02:43:06
3231,93,add_to_cart,5.0,,2024-10-22 20:39:39
3232,11,page_view,,,2025-08-10 19:21:39
3233,57,page_view,,,2025-04-25 21:38:28
3234,32,checkout,,,2025-09-21 10:22:01
3235,34,page_view,,,2025-03-06 04:11:06
3236,31,search,,running shoes,2026-02-04 21:47:02
3237,44,add_to_cart,6.0,,2024-10-19 20:44:38
3238,45,page_view,,,2024-01-31 22:27:23
3239,86,wishlist,16.0,,2024-09-25 16:04:36
3240,87,product_view,4.0,,2026-03-05 16:08:53
3241,47,product_view,10.0,,2024-12-18 21:14:32
3242,86,page_view,,,2025-04-06 23:56:13
3243,22,add_to_cart,1.0,,2025-12-18 20:51:32
3244,72,page_view,,,2024-02-24 21:58:30
3245,81,page_view,,,2024-11-09 19:44:10
3246,12,product_view,10.0,,2024-04-07 04:00:58
3247,90,page_view,,,2025-11-06 08:07:35
3248,27,checkout,,,2025-10-04 10:27:07
3249,85,add_to_cart,8.0,,2025-05-24 13:32:35
3250,8,add_to_cart,18.0,,2026-04-16 08:42:23
3251,82,add_to_cart,2.0,,2024-11-16 07:01:24
3252,52,product_view,3.0,,2026-08-08 15:51:10
3253,51,product_view,19.0,,2026-04-01 19:29:32
3254,47,page_view,,,2024-02-17 15:11:12
3255,3,add_to_cart,3.0,,2026-04-01 14:59:49
3256,15,product_view,9.0,,2025-07-09 16:15:33
3257,72,product_view,2.0,,2026-02-16 08:48:08
3258,55,page_view,,,2025-06-16 09:13:24
3259,77,page_view,,,2024-12-01 19:53:18
3260,84,search,,running shoes,2024-04-25 04:24:11
3261,16,page_view,,,2025-05-29 03:15:49
3262,64,page_view,,,2025-10-11 19:05:23
3263,56,checkout,,,2025-07-12 22:57:21
3264,72,product_view,19.0,,2024-02-07 05:16:20
3265,21,page_view,,,2025-09-08 11:51:01
3266,75,page_view,,,2025-10-30 10:15:54
3267,12,page_view,,,2025-09-26 23:13:11
3268,24,page_view,,,2026-06-27 20:23:37
3269,84,page_view,,,2024-07-20 21:50:37
3270,100,wishlist,1.0,,2026-05-01 12:43:40
3271,5,wishlist,7.0,,2024-03-04 07:22:04
3272,42,page_view,,,2024-05-05 13:39:05
3273,22,search,,running shoes,2025-07-12 11:47:20
3274,60,add_to_cart,3.0,,2025-07-05 19:36:42
3275,18,page_view,,,2025-01-17 18:52:01
3276,70,search,,wireless headphones,2025-12-15 12:01:05
3277,62,product_view,1.0,,2025-07-01 16:41:10
3278,25,search,,gaming keyboard,2025-02-05 14:59:01
3279,57,checkout,,,2025-09-26 01:06:37
3280,23,page_view,,,2025-03-13 04:25:30
3281,11,checkout,,,2025-01-20 23:04:30
3282,34,checkout,,,2024-10-30 13:30:58
3283,4,purchase,20.0,,2026-06-23 05:08:38
3284,56,search,,office chair,2024-02-28 07:39:47
3285,95,product_view,2.0,,2024-12-10 19:09:04
3286,12,page_view,,,2024-04-14 17:47:24
3287,18,product_view,3.0,,2024-12-23 05:37:55
3288,20,product_view,2.0,,2024-11-18 16:01:41
3289,29,product_view,6.0,,2025-01-25 11:36:56
3290,85,page_view,,,2026-03-27 21:26:20
3291,95,page_view,,,2024-09-18 02:38:03
3292,57,page_view,,,2024-10-16 11:01:15
3293,16,search,,fitness tracker,2026-06-20 14:24:33
3294,37,page_view,,,2026-08-10 09:59:02
3295,4,search,,skin care,2024-08-03 22:16:37
3296,18,page_view,,,2024-10-07 07:52:10
3297,80,page_view,,,2024-11-13 12:35:22
3298,60,search,,fitness tracker,2026-07-02 02:49:08
3299,10,page_view,,,2025-04-25 14:09:22
3300,28,page_view,,,2024-04-05 20:08:16
3301,63,search,,python book,2024-07-30 23:55:21
3302,67,product_view,21.0,,2025-05-10 07:31:47
3303,70,search,,fitness tracker,2024-08-16 05:44:26
3304,83,product_view,4.0,,2025-08-28 10:10:40
3305,46,page_view,,,2024-10-15 18:33:51
3306,55,product_view,3.0,,2024-01-01 11:28:50
3307,65,product_view,8.0,,2025-02-22 13:00:31
3308,33,page_view,,,2024-11-02 17:58:31
3309,75,page_view,,,2024-12-19 18:30:57
3310,43,add_to_cart,4.0,,2025-09-29 11:18:04
3311,51,page_view,,,2024-08-26 21:54:00
3312,62,product_view,15.0,,2025-10-19 02:10:22
3313,29,product_view,18.0,,2024-01-15 02:10:01
3314,36,add_to_cart,34.0,,2026-07-22 01:27:59
3315,81,page_view,,,2024-10-20 13:57:26
3316,73,search,,wireless headphones,2026-02-25 03:41:14
3317,89,page_view,,,2026-04-24 16:03:35
3318,17,page_view,,,2025-04-25 17:04:21
3319,20,page_view,,,2024-06-30 19:59:22
3320,17,page_view,,,2024-07-16 22:35:20
3321,21,page_view,,,2025-04-18 11:18:35
3322,18,page_view,,,2025-03-03 08:45:35
3323,36,page_view,,,2024-04-17 03:30:23
3324,11,page_view,,,2025-02-23 18:01:14
3325,6,product_view,11.0,,2024-03-06 20:55:55
3326,89,page_view,,,2024-06-04 19:03:44
3327,67,checkout,,,2026-04-22 21:27:28
3328,81,page_view,,,2025-12-26 22:43:51
3329,30,page_view,,,2026-03-04 17:31:59
3330,17,wishlist,2.0,,2026-07-07 18:39:01
3331,47,product_view,2.0,,2025-01-29 12:43:53
3332,73,product_view,25.0,,2025-10-25 04:31:17
3333,53,page_view,,,2024-04-16 14:34:28
3334,8,purchase,2.0,,2025-11-12 04:49:13
3335,59,page_view,,,2026-02-27 05:41:13
3336,23,product_view,6.0,,2024-03-01 20:03:05
3337,67,page_view,,,2025-09-13 07:17:27
3338,60,add_to_cart,5.0,,2025-02-01 17:40:31
3339,32,product_view,15.0,,2025-02-09 06:55:37
3340,7,page_view,,,2024-11-13 02:17:06
3341,93,product_view,5.0,,2025-12-07 07:28:43
3342,8,wishlist,5.0,,2026-08-28 06:36:32
3343,83,product_view,4.0,,2024-04-08 10:22:38
3344,85,product_view,1.0,,2024-10-02 13:34:34
3345,2,page_view,,,2024-08-13 05:56:13
3346,62,page_view,,,2024-02-28 21:35:28
3347,56,page_view,,,2025-07-12 01:44:59
3348,98,product_view,2.0,,2026-08-20 12:24:49
3349,52,page_view,,,2026-07-23 02:07:07
3350,43,page_view,,,2025-11-14 06:43:20
3351,6,product_view,24.0,,2024-06-06 03:52:00
3352,74,page_view,,,2026-02-11 09:37:13
3353,100,page_view,,,2024-01-06 23:38:59
3354,67,page_view,,,2026-05-21 20:10:24
3355,79,product_view,23.0,,2025-04-09 00:30:08
3356,69,add_to_cart,18.0,,2025-11-12 13:36:34
3357,87,page_view,,,2024-10-16 02:43:41
3358,88,page_view,,,2026-03-14 22:35:40
3359,67,search,,python book,2024-10-04 07:55:14
3360,99,page_view,,,2026-07-17 05:30:38
3361,36,add_to_cart,4.0,,2024-04-15 06:36:53
3362,24,add_to_cart,2.0,,2026-05-25 16:26:30
3363,59,page_view,,,2024-12-04 05:09:47
3364,58,page_view,,,2025-08-22 15:43:40
3365,47,page_view,,,2024-02-08 20:29:38
3366,85,page_view,,,2025-06-24 07:22:43
3367,93,search,,python book,2024-09-15 19:26:04
3368,97,page_view,,,2025-07-29 07:01:24
3369,20,page_view,,,2025-01-10 14:17:34
3370,69,product_view,24.0,,2025-07-07 05:46:51
3371,72,page_view,,,2024-06-14 07:53:33
3372,15,checkout,,,2025-10-21 17:13:07
3373,7,search,,fitness tracker,2025-04-22 05:49:39
3374,27,page_view,,,2024-05-16 18:43:15
3375,83,page_view,,,2024-04-30 00:13:46
3376,99,page_view,,,2025-10-04 14:10:57
3377,55,page_view,,,2025-04-01 12:12:44
3378,80,add_to_cart,14.0,,2025-01-18 01:02:08
3379,4,search,,running shoes,2026-02-09 22:40:35
3380,67,wishlist,18.0,,2025-08-10 05:15:12
3381,11,page_view,,,2025-01-06 02:26:53
3382,51,checkout,,,2026-07-18 14:46:27
3383,86,checkout,,,2024-10-31 03:00:26
3384,71,page_view,,,2025-02-05 21:45:22
3385,93,product_view,8.0,,2024-12-01 09:30:08
3386,93,page_view,,,2024-11-14 07:59:57
3387,56,add_to_cart,2.0,,2025-10-04 16:02:23
3388,21,checkout,,,2025-11-05 18:39:18
3389,50,page_view,,,2024-12-03 21:01:44
3390,47,product_view,9.0,,2026-01-04 18:37:36
3391,23,search,,wireless headphones,2024-09-15 01:23:35
3392,60,page_view,,,2026-05-08 03:21:46
3393,13,page_view,,,2025-09-12 05:21:11
3394,55,product_view,24.0,,2025-01-26 04:42:36
3395,53,product_view,5.0,,2026-07-05 19:12:58
3396,43,page_view,,,2024-04-17 07:54:25
3397,10,page_view,,,2024-02-03 14:04:42
3398,97,page_view,,,2024-05-02 13:06:04
3399,83,page_view,,,2024-04-03 14:35:35
3400,36,add_to_cart,14.0,,2024-12-08 17:48:54
3401,6,add_to_cart,6.0,,2024-06-01 07:09:26
3402,95,product_view,4.0,,2025-10-17 11:33:32
3403,36,page_view,,,2026-05-04 14:14:33
3404,31,page_view,,,2026-07-21 00:30:25
3405,100,page_view,,,2026-07-12 19:06:22
3406,43,product_view,2.0,,2026-06-22 12:39:55
3407,33,page_view,,,2026-01-12 14:26:31
3408,88,page_view,,,2026-08-30 16:41:41
3409,17,page_view,,,2024-08-31 13:41:57
3410,13,page_view,,,2025-07-08 13:29:27
3411,76,page_view,,,2025-07-01 14:57:10
3412,69,page_view,,,2025-02-18 07:57:56
3413,64,product_view,7.0,,2024-02-15 19:09:06
3414,36,page_view,,,2025-05-11 04:02:11
3415,96,checkout,,,2024-04-20 02:17:41
3416,91,search,,coffee maker,2025-04-24 02:33:34
3417,60,page_view,,,2025-05-20 01:51:21
3418,59,wishlist,5.0,,2025-04-04 12:12:25
3419,62,product_view,18.0,,2024-08-09 18:05:29
3420,22,product_view,5.0,,2026-06-13 17:56:56
3421,64,product_view,6.0,,2025-11-14 10:16:08
3422,60,product_view,13.0,,2025-01-31 13:48:22
3423,63,page_view,,,2026-04-24 04:50:41
3424,6,checkout,,,2025-08-20 01:27:27
3425,37,product_view,27.0,,2026-05-29 12:18:59
3426,57,search,,office chair,2025-12-03 19:19:43
3427,53,page_view,,,2024-12-11 00:04:07
3428,67,checkout,,,2024-09-01 21:01:14
3429,28,search,,office chair,2025-05-10 10:30:36
3430,31,purchase,1.0,,2024-02-24 13:58:11
3431,27,page_view,,,2025-03-25 04:11:28
3432,22,product_view,2.0,,2024-03-24 19:13:28
3433,3,page_view,,,2025-08-31 13:15:38
3434,29,page_view,,,2025-10-12 19:08:32
3435,1,page_view,,,2025-06-03 17:22:36
3436,55,product_view,12.0,,2026-01-26 00:50:10
3437,79,page_view,,,2024-02-04 01:31:42
3438,69,product_view,4.0,,2025-08-31 05:11:08
3439,82,page_view,,,2025-10-27 14:03:16
3440,56,page_view,,,2026-07-01 05:44:17
3441,86,page_view,,,2025-05-21 06:14:41
3442,57,page_view,,,2025-09-26 09:44:11
3443,16,page_view,,,2025-05-12 22:05:19
3444,62,search,,fitness tracker,2026-07-20 18:58:11
3445,21,page_view,,,2026-05-02 07:18:57
3446,34,page_view,,,2026-05-17 07:06:45
3447,31,search,,python book,2024-02-07 15:20:44
3448,55,page_view,,,2026-01-26 14:59:47
3449,76,page_view,,,2025-12-13 13:58:19
3450,64,product_view,2.0,,2025-02-20 21:09:41
3451,72,wishlist,14.0,,2026-01-04 01:40:06
3452,25,page_view,,,2024-05-17 09:17:05
3453,14,page_view,,,2024-02-04 10:00:33
3454,35,page_view,,,2025-04-10 20:19:51
3455,14,product_view,17.0,,2024-05-20 07:47:58
3456,61,page_view,,,2026-01-05 14:50:13
3457,21,add_to_cart,5.0,,2026-01-07 22:28:52
3458,4,product_view,3.0,,2024-07-13 18:44:29
3459,88,search,,skin care,2024-08-21 23:13:14
3460,13,wishlist,12.0,,2025-07-23 03:45:00
3461,19,search,,python book,2025-11-06 13:42:38
3462,98,page_view,,,2026-05-29 07:59:42
3463,22,page_view,,,2026-03-11 20:32:44
3464,64,product_view,3.0,,2024-05-08 03:57:46
3465,59,page_view,,,2026-02-28 10:17:22
3466,75,search,,python book,2025-09-24 01:38:28
3467,41,page_view,,,2024-01-14 19:14:33
3468,23,page_view,,,2024-05-02 23:30:18
3469,95,page_view,,,2026-05-02 06:07:24
3470,24,page_view,,,2026-08-06 21:16:38
3471,17,page_view,,,2024-01-18 18:54:14
3472,69,search,,coffee maker,2026-06-01 23:25:41
3473,57,product_view,2.0,,2024-01-17 09:28:34
3474,92,wishlist,4.0,,2024-08-13 19:51:54
3475,76,page_view,,,2025-09-05 09:15:31
3476,61,checkout,,,2025-07-10 07:23:39
3477,24,checkout,,,2024-01-02 00:52:09
3478,42,page_view,,,2025-09-26 17:06:09
3479,97,page_view,,,2025-08-11 03:37:12
3480,10,search,,wireless headphones,2025-04-15 14:43:15
3481,68,add_to_cart,1.0,,2024-05-09 20:37:30
3482,95,checkout,,,2026-01-02 06:37:03
3483,24,page_view,,,2025-05-21 15:52:31
3484,17,purchase,6.0,,2026-06-20 06:04:43
3485,54,page_view,,,2025-05-20 16:39:19
3486,97,search,,fitness tracker,2026-01-26 08:18:00
3487,91,page_view,,,2026-07-27 01:01:23
3488,50,product_view,9.0,,2025-10-05 18:11:21
3489,90,page_view,,,2025-08-16 15:24:59
3490,18,product_view,13.0,,2024-09-30 12:20:24
3491,36,page_view,,,2024-12-12 04:41:20
3492,79,product_view,9.0,,2025-09-18 11:15:17
3493,78,page_view,,,2024-09-15 12:12:54
3494,7,product_view,4.0,,2024-09-08 07:09:55
3495,28,page_view,,,2026-08-25 11:05:15
3496,52,page_view,,,2026-08-07 06:57:52
3497,43,add_to_cart,7.0,,2024-01-06 03:20:48
3498,72,checkout,,,2025-05-07 00:04:04
3499,91,page_view,,,2025-10-19 10:58:20
3500,46,add_to_cart,1.0,,2024-08-16 23:45:02
3501,12,page_view,,,2025-07-19 13:14:39
3502,2,product_view,8.0,,2025-08-10 05:10:03
3503,17,page_view,,,2025-04-22 08:06:24
3504,100,page_view,,,2025-12-19 11:31:31
3505,40,product_view,24.0,,2026-02-03 17:23:54
3506,95,page_view,,,2026-05-29 09:22:10
3507,82,page_view,,,2025-10-30 01:46:22
3508,72,page_view,,,2024-08-01 21:56:17
3509,63,product_view,7.0,,2025-11-30 13:04:31
3510,99,search,,fitness tracker,2026-02-25 16:01:32
3511,83,page_view,,,2025-03-08 01:18:44
3512,34,product_view,11.0,,2024-07-12 17:34:45
3513,33,checkout,,,2026-08-13 02:14:04
3514,45,product_view,6.0,,2026-01-26 16:40:09
3515,3,product_view,16.0,,2025-05-22 07:39:17
3516,46,product_view,5.0,,2025-05-18 11:03:09
3517,62,page_view,,,2026-07-20 21:04:25
3518,38,page_view,,,2025-11-30 14:12:11
3519,80,page_view,,,2026-02-16 22:27:13
3520,100,page_view,,,2025-08-10 19:28:02
3521,74,page_view,,,2024-05-21 21:03:15
3522,77,product_view,9.0,,2026-07-12 18:34:37
3523,61,page_view,,,2024-09-11 02:00:21
3524,60,page_view,,,2026-06-23 16:04:16
3525,32,page_view,,,2024-01-25 23:49:04
3526,50,page_view,,,2026-07-07 22:37:03
3527,27,search,,office chair,2025-02-15 14:06:59
3528,97,wishlist,16.0,,2024-06-02 02:09:29
3529,13,purchase,6.0,,2025-11-14 06:20:20
3530,89,page_view,,,2026-04-24 23:18:42
3531,92,page_view,,,2025-09-28 09:51:56
3532,48,page_view,,,2025-10-19 09:28:54
3533,11,page_view,,,2026-06-10 11:49:02
3534,96,page_view,,,2025-10-30 15:57:19
3535,89,product_view,25.0,,2026-07-29 22:38:00
3536,100,product_view,17.0,,2024-08-21 00:46:03
3537,99,page_view,,,2025-02-20 08:39:18
3538,83,product_view,11.0,,2025-04-19 22:21:26
3539,50,checkout,,,2024-03-27 21:11:15
3540,11,page_view,,,2026-03-23 15:07:35
3541,98,product_view,17.0,,2024-11-28 03:26:28
3542,83,page_view,,,2025-04-26 04:22:11
3543,8,product_view,2.0,,2024-02-20 14:40:45
3544,32,add_to_cart,31.0,,2025-10-27 19:43:47
3545,48,product_view,2.0,,2024-01-01 04:56:41
3546,38,page_view,,,2026-04-25 22:37:50
3547,68,page_view,,,2025-09-09 13:23:44
3548,65,checkout,,,2024-08-17 01:25:11
3549,33,page_view,,,2026-03-05 20:56:00
3550,16,add_to_cart,1.0,,2025-02-26 17:47:09
3551,76,product_view,11.0,,2024-03-25 08:06:35
3552,87,search,,coffee maker,2025-10-29 10:18:29
3553,39,page_view,,,2024-08-04 15:15:23
3554,56,page_view,,,2025-04-29 20:49:25
3555,96,page_view,,,2025-09-05 00:03:04
3556,11,product_view,15.0,,2026-05-28 06:31:36
3557,16,page_view,,,2026-07-31 15:28:53
3558,2,product_view,3.0,,2024-09-01 05:58:59
3559,21,page_view,,,2026-03-04 06:45:56
3560,49,search,,running shoes,2024-07-12 13:40:22
3561,6,product_view,3.0,,2024-06-22 04:56:55
3562,43,add_to_cart,14.0,,2024-06-01 15:37:35
3563,21,page_view,,,2024-10-01 02:59:28
3564,76,product_view,11.0,,2025-09-03 23:24:09
3565,64,search,,python book,2025-02-14 13:24:53
3566,82,page_view,,,2024-08-17 01:44:13
3567,62,page_view,,,2024-07-25 16:41:29
3568,9,page_view,,,2025-11-13 11:52:27
3569,54,product_view,7.0,,2024-01-23 21:03:24
3570,34,checkout,,,2024-03-14 12:28:44
3571,4,page_view,,,2024-08-22 16:59:57
3572,34,page_view,,,2024-03-23 20:40:43
3573,16,product_view,10.0,,2026-07-02 01:32:50
3574,82,page_view,,,2025-03-24 17:16:01
3575,97,page_view,,,2025-01-16 14:21:11
3576,64,product_view,33.0,,2025-04-14 22:32:33
3577,35,search,,office chair,2025-03-11 16:45:35
3578,67,page_view,,,2026-01-04 05:27:03
3579,94,page_view,,,2024-03-22 21:07:25
3580,96,search,,gaming keyboard,2024-08-26 23:39:21
3581,53,product_view,5.0,,2025-02-19 10:33:34
3582,61,page_view,,,2025-11-30 01:09:41
3583,53,page_view,,,2025-11-24 00:04:25
3584,87,product_view,47.0,,2025-11-03 17:55:03
3585,19,search,,python book,2026-07-12 05:57:38
3586,65,checkout,,,2025-07-09 23:51:59
3587,29,purchase,11.0,,2026-02-19 01:35:34
3588,50,wishlist,19.0,,2026-06-01 02:38:33
3589,76,page_view,,,2024-10-21 13:11:55
3590,86,page_view,,,2024-10-15 07:17:49
3591,74,page_view,,,2025-05-20 01:48:53
3592,97,product_view,3.0,,2024-01-31 06:29:58
3593,21,product_view,7.0,,2026-02-16 05:46:11
3594,34,wishlist,16.0,,2024-10-01 17:14:04
3595,34,purchase,14.0,,2025-03-10 14:16:21
3596,43,checkout,,,2024-10-29 21:29:50
3597,46,search,,skin care,2026-04-28 10:10:01
3598,71,page_view,,,2025-05-09 17:29:51
3599,60,page_view,,,2025-11-14 08:20:18
3600,4,page_view,,,2026-07-12 05:24:59
3601,83,page_view,,,2025-04-19 00:41:15
3602,57,page_view,,,2024-02-09 05:14:14
3603,46,page_view,,,2024-05-07 16:03:02
3604,98,page_view,,,2025-04-17 19:58:18
3605,35,page_view,,,2025-10-08 01:30:35
3606,91,product_view,13.0,,2024-07-21 00:57:17
3607,87,search,,coffee maker,2025-06-05 08:01:01
3608,32,page_view,,,2024-05-23 15:31:52
3609,3,page_view,,,2024-10-09 22:20:15
3610,98,page_view,,,2026-06-02 00:46:42
3611,49,page_view,,,2026-07-13 00:09:09
3612,40,page_view,,,2025-05-29 09:41:51
3613,33,product_view,7.0,,2026-08-04 01:41:17
3614,31,page_view,,,2025-04-06 14:40:10
3615,36,page_view,,,2024-09-04 03:00:35
3616,70,add_to_cart,25.0,,2025-10-09 20:11:38
3617,17,search,,office chair,2025-01-27 22:13:57
3618,32,page_view,,,2024-01-23 00:49:23
3619,21,purchase,28.0,,2024-06-26 19:15:08
3620,57,checkout,,,2024-10-15 11:03:08
3621,3,page_view,,,2024-06-26 14:48:17
3622,80,add_to_cart,4.0,,2026-02-11 17:16:58
3623,40,page_view,,,2025-03-15 00:38:50
3624,61,page_view,,,2026-04-21 16:14:30
3625,20,page_view,,,2026-06-21 17:03:12
3626,8,page_view,,,2026-04-28 06:46:52
3627,18,checkout,,,2026-05-28 13:13:17
3628,37,page_view,,,2024-12-22 18:10:49
3629,100,product_view,3.0,,2026-08-16 02:11:24
3630,2,page_view,,,2024-07-13 15:12:15
3631,12,page_view,,,2025-05-24 02:48:09
3632,98,product_view,7.0,,2025-01-02 01:45:20
3633,83,page_view,,,2024-03-22 21:17:24
3634,34,checkout,,,2026-06-03 15:50:15
3635,19,page_view,,,2025-03-03 14:58:19
3636,90,page_view,,,2024-05-17 11:33:16
3637,8,product_view,18.0,,2025-05-25 06:12:47
3638,92,search,,coffee maker,2026-01-27 01:51:32
3639,58,page_view,,,2025-01-31 05:07:11
3640,92,search,,wireless headphones,2025-10-30 03:02:34
3641,69,page_view,,,2024-04-29 22:24:17
3642,57,search,,coffee maker,2025-04-12 11:15:15
3643,88,page_view,,,2024-02-15 08:42:24
3644,14,product_view,18.0,,2026-01-01 22:45:47
3645,45,page_view,,,2024-06-19 14:28:12
3646,6,purchase,17.0,,2025-08-03 11:32:13
3647,74,product_view,4.0,,2025-07-14 23:21:04
3648,19,page_view,,,2025-03-28 05:55:54
3649,57,page_view,,,2025-06-27 13:53:33
3650,73,product_view,9.0,,2025-06-06 22:49:51
3651,38,product_view,1.0,,2024-11-10 16:55:04
3652,74,product_view,3.0,,2025-03-23 00:02:10
3653,51,product_view,12.0,,2025-11-19 18:42:58
3654,44,product_view,10.0,,2026-01-31 05:44:00
3655,32,product_view,19.0,,2025-05-20 13:05:58
3656,44,page_view,,,2024-06-06 23:37:32
3657,39,page_view,,,2026-05-21 09:02:14
3658,92,page_view,,,2026-08-19 20:28:52
3659,65,page_view,,,2024-06-27 02:59:15
3660,99,page_view,,,2024-11-28 20:09:17
3661,45,page_view,,,2025-04-26 23:28:12
3662,96,product_view,23.0,,2025-06-29 20:51:30
3663,13,page_view,,,2024-01-15 18:07:24
3664,34,product_view,1.0,,2025-06-22 09:20:06
3665,4,page_view,,,2026-03-04 18:14:01
3666,71,page_view,,,2024-11-07 01:41:48
3667,4,page_view,,,2024-06-21 16:28:42
3668,62,page_view,,,2025-05-18 19:45:11
3669,40,page_view,,,2026-02-24 15:35:58
3670,89,checkout,,,2024-04-14 01:02:35
3671,57,page_view,,,2026-07-14 09:00:16
3672,67,page_view,,,2026-08-08 19:37:08
3673,7,checkout,,,2026-03-31 05:01:30
3674,100,page_view,,,2025-03-12 15:47:28
3675,17,page_view,,,2024-09-22 04:13:24
3676,15,wishlist,13.0,,2024-05-13 01:12:39
3677,38,search,,coffee maker,2024-12-26 07:25:13
3678,82,product_view,13.0,,2025-04-03 19:25:34
3679,47,product_view,1.0,,2024-12-18 12:00:54
3680,53,page_view,,,2024-11-27 15:32:30
3681,27,product_view,7.0,,2026-01-06 10:13:09
3682,81,checkout,,,2024-06-04 05:49:20
3683,23,page_view,,,2025-11-08 04:33:53
3684,43,page_view,,,2025-11-15 01:48:12
3685,42,add_to_cart,16.0,,2024-06-10 12:28:37
3686,58,checkout,,,2025-04-01 05:02:43
3687,96,product_view,16.0,,2025-07-24 21:34:41
3688,72,page_view,,,2026-07-28 11:48:26
3689,100,product_view,10.0,,2024-02-29 09:54:57
3690,9,search,,python book,2024-08-05 15:42:23
3691,23,product_view,2.0,,2024-07-14 01:11:16
3692,50,product_view,11.0,,2024-07-21 03:29:10
3693,11,page_view,,,2024-04-03 19:12:37
3694,61,wishlist,17.0,,2026-05-25 17:53:49
3695,96,page_view,,,2024-11-17 07:12:12
3696,90,product_view,2.0,,2024-08-17 12:50:21
3697,64,page_view,,,2025-10-19 02:29:58
3698,1,product_view,1.0,,2024-08-02 10:23:13
3699,36,purchase,6.0,,2026-03-14 02:05:46
3700,3,product_view,4.0,,2024-02-20 21:25:35
3701,66,page_view,,,2025-11-24 10:08:04
3702,77,page_view,,,2024-10-26 12:31:20
3703,97,page_view,,,2026-06-17 22:34:11
3704,32,add_to_cart,7.0,,2026-06-11 07:37:45
3705,63,page_view,,,2024-02-06 16:05:12
3706,51,page_view,,,2024-01-18 06:39:32
3707,39,product_view,24.0,,2024-12-25 23:20:04
3708,65,product_view,19.0,,2025-06-05 03:57:48
3709,43,page_view,,,2024-10-20 00:23:07
3710,35,purchase,5.0,,2026-06-10 20:38:04
3711,6,page_view,,,2024-03-24 13:44:30
3712,36,page_view,,,2025-08-21 08:56:24
3713,13,product_view,20.0,,2025-09-26 00:57:16
3714,91,product_view,40.0,,2024-01-22 01:43:42
3715,25,page_view,,,2024-09-26 07:39:06
3716,59,product_view,10.0,,2025-08-27 21:30:36
3717,95,search,,python book,2024-05-04 13:23:31
3718,16,page_view,,,2025-04-22 14:06:50
3719,31,page_view,,,2025-06-11 18:19:27
3720,14,page_view,,,2025-04-09 02:55:38
3721,76,product_view,31.0,,2025-04-29 12:42:21
3722,64,page_view,,,2025-09-29 07:37:48
3723,69,page_view,,,2025-11-24 03:18:30
3724,42,product_view,11.0,,2026-08-19 15:54:07
3725,49,product_view,2.0,,2026-02-24 07:49:36
3726,36,page_view,,,2024-05-01 02:20:21
3727,3,search,,fitness tracker,2024-08-09 10:10:21
3728,84,wishlist,3.0,,2024-05-19 17:00:45
3729,3,wishlist,8.0,,2025-03-24 13:55:24
3730,38,page_view,,,2025-12-26 21:41:12
3731,18,search,,running shoes,2025-09-16 04:39:37
3732,37,page_view,,,2025-09-18 01:47:19
3733,11,page_view,,,2025-02-05 06:45:22
3734,31,product_view,3.0,,2026-01-16 22:45:29
3735,48,page_view,,,2026-04-07 17:10:57
3736,25,add_to_cart,23.0,,2026-02-11 18:17:23
3737,34,page_view,,,2025-04-09 21:31:05
3738,84,page_view,,,2024-05-22 14:44:14
3739,32,search,,running shoes,2025-11-07 18:20:53
3740,99,page_view,,,2026-08-31 06:37:13
3741,81,search,,gaming keyboard,2025-08-07 05:08:35
3742,19,product_view,17.0,,2026-07-12 09:18:18
3743,83,page_view,,,2024-01-19 17:47:34
3744,34,search,,python book,2024-03-26 19:46:25
3745,30,page_view,,,2025-07-05 05:18:09
3746,98,checkout,,,2024-12-13 14:52:32
3747,52,product_view,6.0,,2026-08-16 10:33:42
3748,47,page_view,,,2025-05-02 13:10:44
3749,76,page_view,,,2025-10-10 08:55:46
3750,26,product_view,17.0,,2024-05-14 23:39:38
3751,48,add_to_cart,3.0,,2024-09-03 23:45:46
3752,14,product_view,7.0,,2026-06-21 19:03:14
3753,97,page_view,,,2024-10-02 19:20:28
3754,55,page_view,,,2026-05-06 06:41:23
3755,60,page_view,,,2024-06-10 18:18:19
3756,77,page_view,,,2024-09-29 14:41:05
3757,54,product_view,8.0,,2025-07-23 02:11:37
3758,67,add_to_cart,2.0,,2024-08-17 19:32:20
3759,96,product_view,8.0,,2024-02-29 22:27:32
3760,20,page_view,,,2025-12-02 01:47:52
3761,7,product_view,2.0,,2024-02-06 22:06:55
3762,81,add_to_cart,4.0,,2024-02-17 03:56:49
3763,85,add_to_cart,6.0,,2025-02-02 08:21:31
3764,11,purchase,8.0,,2026-04-06 08:13:00
3765,41,wishlist,8.0,,2026-05-20 11:45:13
3766,31,product_view,3.0,,2024-12-05 11:28:39
3767,57,product_view,16.0,,2024-08-11 11:27:03
3768,97,add_to_cart,1.0,,2025-11-17 05:04:35
3769,14,page_view,,,2025-06-01 14:57:10
3770,2,search,,wireless headphones,2024-12-14 12:11:17
3771,7,product_view,38.0,,2025-06-27 16:17:05
3772,10,product_view,25.0,,2024-06-03 13:47:02
3773,6,product_view,14.0,,2025-06-26 16:53:46
3774,49,wishlist,5.0,,2024-05-26 07:02:15
3775,6,page_view,,,2024-08-01 10:58:54
3776,36,search,,wireless headphones,2024-09-01 20:46:47
3777,37,search,,wireless headphones,2025-01-30 23:32:56
3778,79,product_view,50.0,,2024-01-30 03:59:27
3779,80,product_view,23.0,,2025-12-16 16:59:25
3780,39,page_view,,,2024-10-11 09:56:55
3781,52,page_view,,,2025-08-06 07:54:26
3782,99,add_to_cart,14.0,,2024-06-22 15:31:37
3783,34,page_view,,,2025-12-31 03:04:31
3784,70,product_view,2.0,,2024-04-19 04:29:53
3785,97,page_view,,,2024-09-26 00:37:09
3786,21,page_view,,,2026-04-13 00:30:32
3787,35,page_view,,,2025-08-14 15:51:00
3788,100,search,,python book,2024-12-07 15:08:05
3789,74,product_view,17.0,,2026-05-07 01:04:49
3790,70,page_view,,,2024-03-15 16:31:41
3791,49,page_view,,,2025-10-08 13:56:36
3792,70,page_view,,,2025-11-28 13:00:13
3793,22,page_view,,,2024-04-18 17:11:12
3794,2,page_view,,,2024-11-13 00:28:38
3795,63,product_view,6.0,,2024-05-08 03:21:58
3796,99,search,,python book,2024-05-22 05:38:16
3797,42,page_view,,,2026-06-23 08:41:26
3798,24,product_view,12.0,,2025-04-27 09:10:52
3799,36,product_view,4.0,,2026-03-01 20:03:04
3800,100,page_view,,,2026-07-28 16:40:11
3801,79,search,,skin care,2025-04-23 20:40:54
3802,9,search,,wireless headphones,2025-01-31 12:24:31
3803,21,product_view,7.0,,2024-04-19 02:06:06
3804,75,page_view,,,2026-08-16 16:24:49
3805,52,product_view,2.0,,2025-03-28 17:44:45
3806,53,product_view,9.0,,2025-09-23 05:45:03
3807,96,wishlist,2.0,,2024-09-05 08:51:00
3808,96,wishlist,19.0,,2025-05-18 19:56:11
3809,39,add_to_cart,6.0,,2024-06-29 06:30:31
3810,14,page_view,,,2025-08-17 15:36:57
3811,63,page_view,,,2026-04-21 19:05:54
3812,86,page_view,,,2026-07-18 11:01:31
3813,52,product_view,2.0,,2025-10-22 19:06:06
3814,76,page_view,,,2025-07-21 17:50:08
3815,87,page_view,,,2025-07-26 04:14:19
3816,60,search,,running shoes,2024-02-19 22:27:25
3817,80,page_view,,,2025-01-03 22:28:18
3818,11,product_view,6.0,,2026-05-22 10:13:37
3819,36,page_view,,,2024-11-24 11:29:08
3820,65,product_view,2.0,,2026-08-26 11:47:27
3821,98,product_view,2.0,,2025-03-24 12:25:13
3822,16,product_view,4.0,,2024-06-07 15:05:48
3823,15,page_view,,,2024-12-29 03:08:14
3824,66,page_view,,,2024-09-30 03:46:57
3825,68,page_view,,,2026-02-26 15:33:38
3826,92,page_view,,,2025-04-09 21:01:56
3827,64,page_view,,,2026-03-05 14:41:48
3828,54,product_view,8.0,,2025-02-07 09:21:58
3829,62,product_view,35.0,,2026-07-08 23:57:39
3830,85,search,,fitness tracker,2025-12-07 15:19:16
3831,65,add_to_cart,11.0,,2025-12-23 01:48:24
3832,92,page_view,,,2025-07-21 05:36:25
3833,95,product_view,9.0,,2025-06-16 04:44:51
3834,57,page_view,,,2025-05-17 18:25:44
3835,68,product_view,8.0,,2025-07-01 06:03:56
3836,17,page_view,,,2025-05-27 21:38:03
3837,86,add_to_cart,16.0,,2024-05-20 07:40:16
3838,57,wishlist,44.0,,2024-02-07 02:06:57
3839,13,product_view,7.0,,2025-07-11 03:33:52
3840,70,wishlist,40.0,,2026-08-30 12:52:48
3841,15,product_view,24.0,,2024-08-20 16:12:13
3842,92,product_view,1.0,,2025-02-27 08:37:52
3843,62,add_to_cart,1.0,,2024-01-12 03:50:20
3844,67,product_view,5.0,,2025-05-19 00:10:32
3845,3,search,,running shoes,2024-08-24 09:47:19
3846,65,product_view,7.0,,2026-01-03 14:10:01
3847,81,product_view,9.0,,2025-11-07 06:20:57
3848,44,page_view,,,2024-05-25 11:46:59
3849,96,page_view,,,2025-03-16 21:44:31
3850,22,product_view,2.0,,2026-05-21 21:48:32
3851,30,page_view,,,2025-08-31 12:36:23
3852,66,page_view,,,2025-07-24 22:18:51
3853,7,add_to_cart,10.0,,2026-06-30 08:50:52
3854,92,product_view,23.0,,2025-04-21 03:50:28
3855,88,product_view,4.0,,2026-05-30 17:57:39
3856,100,product_view,26.0,,2026-06-22 00:08:02
3857,34,product_view,1.0,,2025-06-21 03:58:40
3858,77,product_view,4.0,,2024-10-27 16:32:04
3859,51,search,,running shoes,2025-08-06 20:47:21
3860,51,product_view,6.0,,2025-04-17 15:32:38
3861,35,add_to_cart,4.0,,2024-04-15 09:40:06
3862,77,product_view,19.0,,2024-10-19 06:52:07
3863,17,page_view,,,2025-01-17 02:29:54
3864,78,page_view,,,2024-06-05 01:01:18
3865,78,product_view,1.0,,2024-02-24 15:00:07
3866,75,page_view,,,2026-02-13 00:01:55
3867,25,search,,office chair,2024-01-24 18:38:28
3868,82,search,,skin care,2026-05-14 15:02:08
3869,9,page_view,,,2024-09-09 20:56:45
3870,97,page_view,,,2025-04-07 05:48:43
3871,58,page_view,,,2025-08-17 15:26:57
3872,67,product_view,7.0,,2026-07-09 10:25:40
3873,97,product_view,1.0,,2026-06-30 16:04:52
3874,24,page_view,,,2024-02-28 00:24:39
3875,62,page_view,,,2026-05-20 00:54:59
3876,76,page_view,,,2025-08-24 11:23:48
3877,54,page_view,,,2025-07-28 16:28:27
3878,2,page_view,,,2026-05-22 06:17:08
3879,79,page_view,,,2026-06-12 07:54:21
3880,30,page_view,,,2024-12-14 13:01:43
3881,8,search,,gaming keyboard,2026-02-11 17:42:15
3882,100,wishlist,7.0,,2024-05-11 03:12:04
3883,52,product_view,21.0,,2024-01-11 23:23:11
3884,27,page_view,,,2024-08-06 10:32:05
3885,100,page_view,,,2026-05-20 15:46:31
3886,73,page_view,,,2025-06-19 08:57:03
3887,48,search,,gaming keyboard,2026-05-26 18:06:20
3888,94,page_view,,,2025-02-24 20:29:45
3889,14,page_view,,,2024-11-11 02:43:05
3890,12,product_view,19.0,,2024-06-09 09:24:26
3891,74,product_view,46.0,,2025-07-25 23:06:08
3892,71,page_view,,,2024-09-18 11:14:13
3893,16,add_to_cart,2.0,,2024-09-20 08:09:48
3894,12,product_view,10.0,,2025-05-31 21:54:28
3895,79,product_view,21.0,,2025-09-18 02:01:52
3896,44,product_view,3.0,,2026-04-16 08:15:29
3897,98,wishlist,20.0,,2025-08-26 21:52:41
3898,33,page_view,,,2025-01-07 03:19:27
3899,19,add_to_cart,19.0,,2026-03-04 23:32:33
3900,51,product_view,2.0,,2026-04-06 01:22:50
3901,17,page_view,,,2024-09-29 18:25:37
3902,2,wishlist,13.0,,2024-06-17 17:03:39
3903,32,add_to_cart,10.0,,2024-03-21 17:35:44
3904,37,page_view,,,2025-01-10 13:44:57
3905,2,product_view,16.0,,2025-02-10 23:15:06
3906,28,page_view,,,2026-05-19 00:03:33
3907,99,page_view,,,2026-08-24 00:59:12
3908,34,wishlist,31.0,,2025-12-30 20:05:38
3909,83,page_view,,,2024-08-23 03:41:45
3910,67,product_view,8.0,,2024-02-27 05:21:14
3911,11,page_view,,,2025-08-02 13:36:56
3912,37,page_view,,,2025-12-05 19:16:59
3913,32,product_view,13.0,,2026-02-19 06:29:25
3914,92,checkout,,,2024-01-20 20:31:55
3915,76,page_view,,,2025-04-21 13:34:33
3916,9,page_view,,,2025-08-02 04:04:49
3917,20,checkout,,,2026-02-20 12:11:32
3918,37,search,,running shoes,2026-01-02 11:17:37
3919,3,page_view,,,2025-09-13 07:33:44
3920,6,page_view,,,2026-03-02 23:21:10
3921,5,add_to_cart,1.0,,2025-08-30 18:32:12
3922,77,product_view,12.0,,2025-05-27 08:35:48
3923,30,page_view,,,2025-08-27 09:53:09
3924,5,search,,skin care,2024-05-01 17:12:16
3925,2,wishlist,4.0,,2024-05-08 13:58:37
3926,53,search,,fitness tracker,2025-03-30 01:07:08
3927,93,product_view,5.0,,2025-06-30 10:52:47
3928,76,checkout,,,2024-03-01 03:31:56
3929,68,search,,running shoes,2025-02-22 10:54:21
3930,100,page_view,,,2026-02-13 14:09:07
3931,4,product_view,46.0,,2026-07-03 02:16:30
3932,89,page_view,,,2026-04-21 22:45:59
3933,2,product_view,4.0,,2026-01-22 16:38:30
3934,15,product_view,3.0,,2024-10-07 13:22:21
3935,83,wishlist,6.0,,2025-11-19 10:46:23
3936,76,page_view,,,2026-08-15 01:43:07
3937,81,product_view,23.0,,2025-03-12 07:01:05
3938,37,page_view,,,2024-10-15 16:10:48
3939,2,page_view,,,2025-09-23 23:52:12
3940,79,page_view,,,2024-08-30 09:54:35
3941,28,page_view,,,2025-10-26 13:08:48
3942,94,search,,wireless headphones,2025-11-25 19:48:43
3943,6,search,,running shoes,2024-12-11 08:40:27
3944,62,wishlist,24.0,,2025-02-16 12:46:38
3945,38,product_view,4.0,,2026-04-03 12:22:13
3946,57,page_view,,,2025-10-26 10:34:10
3947,92,product_view,2.0,,2024-05-09 20:51:20
3948,11,page_view,,,2025-12-25 06:59:59
3949,53,add_to_cart,35.0,,2024-08-21 06:44:45
3950,25,add_to_cart,42.0,,2025-09-25 23:00:10
3951,8,product_view,22.0,,2025-07-22 00:04:32
3952,87,product_view,9.0,,2025-03-01 04:59:02
3953,74,page_view,,,2025-06-02 18:51:00
3954,89,search,,python book,2025-07-22 10:04:03
3955,19,checkout,,,2024-02-11 14:25:10
3956,79,page_view,,,2025-05-24 06:28:50
3957,23,purchase,4.0,,2025-07-27 03:59:13
3958,95,page_view,,,2026-08-01 16:53:54
3959,48,page_view,,,2025-01-06 04:07:46
3960,94,page_view,,,2026-04-17 22:40:21
3961,82,page_view,,,2024-04-10 00:15:51
3962,93,product_view,3.0,,2026-05-07 14:12:36
3963,100,add_to_cart,1.0,,2024-06-24 02:30:31
3964,53,page_view,,,2026-03-01 16:40:49
3965,85,add_to_cart,6.0,,2026-06-30 07:08:27
3966,24,page_view,,,2026-02-27 20:58:01
3967,67,product_view,5.0,,2024-03-20 11:15:36
3968,100,product_view,9.0,,2024-01-04 22:01:45
3969,46,product_view,18.0,,2026-08-02 00:12:58
3970,64,page_view,,,2024-02-21 01:22:32
3971,77,product_view,2.0,,2025-11-30 18:21:45
3972,24,search,,office chair,2024-05-25 13:10:54
3973,70,product_view,5.0,,2024-08-05 06:11:46
3974,81,page_view,,,2024-12-29 12:36:39
3975,61,search,,coffee maker,2026-04-19 22:06:51
3976,3,product_view,5.0,,2024-02-21 20:07:38
3977,85,product_view,9.0,,2024-03-14 19:28:54
3978,33,checkout,,,2025-03-18 02:33:58
3979,30,product_view,8.0,,2024-05-12 23:57:13
3980,27,page_view,,,2025-08-21 03:46:06
3981,27,product_view,4.0,,2026-04-25 22:18:00
3982,40,wishlist,24.0,,2024-09-16 01:39:30
3983,23,page_view,,,2025-09-29 07:12:15
3984,22,add_to_cart,24.0,,2025-02-01 01:59:04
3985,33,product_view,17.0,,2026-05-01 17:02:48
3986,80,product_view,31.0,,2025-06-06 04:48:31
3987,41,page_view,,,2025-05-06 01:05:23
3988,83,page_view,,,2024-11-06 10:24:29
3989,77,page_view,,,2026-01-23 09:43:27
3990,25,page_view,,,2024-02-28 17:07:34
3991,79,page_view,,,2024-10-06 00:31:52
3992,55,checkout,,,2024-12-28 19:03:51
3993,40,add_to_cart,20.0,,2024-06-29 15:58:16
3994,75,product_view,1.0,,2025-11-11 17:04:34
3995,11,page_view,,,2025-05-19 01:35:13
3996,1,page_view,,,2024-07-25 14:32:11
3997,43,product_view,19.0,,2024-04-19 18:11:09
3998,32,page_view,,,2024-06-15 03:21:09
3999,19,search,,python book,2025-11-27 15:13:21
4000,18,purchase,3.0,,2026-04-25 04:43:21
4001,70,page_view,,,2024-02-28 11:50:36
4002,48,page_view,,,2024-11-13 05:50:44
4003,68,product_view,5.0,,2024-09-07 02:50:45
4004,19,search,,office chair,2026-02-22 13:24:24
4005,11,page_view,,,2024-01-04 01:46:03
4006,78,search,,running shoes,2024-01-11 03:17:14
4007,48,page_view,,,2026-07-23 15:39:17
4008,74,product_view,31.0,,2024-05-01 11:25:02
4009,38,page_view,,,2025-07-09 00:40:42
4010,17,wishlist,37.0,,2024-02-25 20:51:18
4011,1,wishlist,3.0,,2026-07-18 13:28:21
4012,64,page_view,,,2025-10-22 03:05:17
4013,53,product_view,3.0,,2025-06-11 23:51:43
4014,9,page_view,,,2024-07-17 04:57:29
4015,95,page_view,,,2024-11-17 09:34:00
4016,26,page_view,,,2024-09-25 03:06:33
4017,27,page_view,,,2024-02-03 12:29:16
4018,63,add_to_cart,26.0,,2025-03-21 23:08:03
4019,32,checkout,,,2025-03-14 20:45:30
4020,65,product_view,3.0,,2026-06-22 17:38:59
4021,20,wishlist,8.0,,2025-01-07 21:22:16
4022,33,page_view,,,2025-12-02 23:38:43
4023,39,checkout,,,2026-07-29 00:28:11
4024,24,checkout,,,2025-11-27 17:17:10
4025,11,page_view,,,2026-02-26 13:07:41
4026,19,product_view,1.0,,2026-04-01 06:30:31
4027,13,page_view,,,2025-02-24 07:44:27
4028,55,add_to_cart,1.0,,2024-08-01 07:52:42
4029,83,wishlist,11.0,,2025-04-07 15:00:30
4030,80,product_view,6.0,,2024-05-25 21:15:36
4031,23,product_view,1.0,,2026-04-27 06:38:02
4032,13,page_view,,,2025-09-30 10:31:15
4033,15,page_view,,,2025-04-15 06:29:25
4034,65,product_view,2.0,,2025-06-18 21:43:38
4035,62,purchase,10.0,,2026-02-10 12:39:47
4036,24,add_to_cart,31.0,,2025-08-29 04:44:30
4037,5,page_view,,,2026-07-21 02:46:42
4038,54,page_view,,,2026-01-22 13:17:10
4039,91,page_view,,,2026-06-20 14:27:40
4040,71,page_view,,,2024-09-25 05:08:12
4041,45,search,,fitness tracker,2025-04-28 18:54:00
4042,43,search,,fitness tracker,2026-06-20 02:31:55
4043,80,search,,wireless headphones,2025-04-20 23:03:37
4044,91,product_view,28.0,,2024-11-18 19:16:12
4045,84,page_view,,,2024-05-26 03:29:19
4046,75,product_view,10.0,,2025-12-26 23:25:47
4047,32,page_view,,,2025-06-15 15:21:18
4048,57,page_view,,,2024-08-04 13:54:08
4049,58,page_view,,,2026-05-28 11:44:21
4050,85,search,,gaming keyboard,2024-04-13 05:07:11
4051,85,search,,wireless headphones,2025-04-23 22:48:33
4052,25,page_view,,,2024-03-02 14:41:40
4053,20,page_view,,,2024-08-27 15:36:44
4054,94,product_view,15.0,,2024-03-07 22:56:32
4055,57,page_view,,,2024-01-06 12:49:33
4056,66,page_view,,,2024-02-24 02:42:26
4057,22,page_view,,,2026-01-30 17:55:47
4058,55,product_view,11.0,,2026-07-11 07:34:30
4059,75,add_to_cart,28.0,,2024-01-23 02:14:50
4060,49,page_view,,,2024-12-06 13:56:27
4061,73,page_view,,,2024-11-03 17:30:37
4062,17,page_view,,,2025-10-08 07:56:24
4063,100,add_to_cart,8.0,,2024-09-30 08:29:27
4064,43,page_view,,,2024-11-10 21:01:16
4065,98,page_view,,,2024-02-23 15:41:35
4066,63,product_view,18.0,,2025-09-22 09:50:49
4067,34,page_view,,,2024-12-03 07:27:25
4068,57,page_view,,,2025-11-21 07:52:27
4069,11,checkout,,,2024-01-17 16:22:52
4070,7,page_view,,,2024-11-08 22:06:50
4071,83,product_view,12.0,,2025-12-17 13:53:44
4072,10,search,,python book,2024-08-31 23:13:39
4073,96,page_view,,,2026-02-16 15:00:31
4074,91,page_view,,,2025-06-15 14:28:28
4075,37,search,,python book,2024-07-26 23:03:12
4076,97,page_view,,,2024-06-06 15:02:28
4077,62,page_view,,,2025-08-25 16:23:58
4078,66,search,,wireless headphones,2025-08-25 23:24:35
4079,56,product_view,6.0,,2026-08-26 01:42:03
4080,82,product_view,28.0,,2024-06-04 07:03:49
4081,3,product_view,4.0,,2026-06-09 13:28:54
4082,68,search,,skin care,2026-07-27 17:23:50
4083,30,page_view,,,2026-01-28 10:39:32
4084,51,page_view,,,2024-09-22 22:06:37
4085,30,page_view,,,2026-02-01 01:31:02
4086,25,page_view,,,2025-11-07 23:06:35
4087,5,product_view,5.0,,2024-04-16 19:50:35
4088,65,product_view,3.0,,2024-07-17 18:51:33
4089,74,search,,wireless headphones,2025-02-27 05:05:13
4090,43,page_view,,,2025-07-28 02:26:17
4091,61,page_view,,,2025-09-14 13:39:18
4092,51,page_view,,,2024-01-08 20:00:44
4093,83,page_view,,,2024-11-14 11:58:56
4094,80,page_view,,,2025-08-28 16:42:55
4095,87,page_view,,,2026-03-29 22:37:16
4096,80,page_view,,,2026-05-04 05:59:03
4097,37,product_view,16.0,,2024-07-06 04:27:38
4098,55,page_view,,,2024-08-22 03:38:22
4099,77,product_view,3.0,,2025-07-18 12:53:05
4100,10,checkout,,,2026-01-14 02:06:34
4101,18,page_view,,,2025-09-01 08:21:36
4102,22,page_view,,,2025-08-31 12:43:51
4103,20,search,,office chair,2025-06-11 03:26:30
4104,17,page_view,,,2025-03-15 03:13:40
4105,90,page_view,,,2024-12-19 11:19:55
4106,12,page_view,,,2025-12-29 21:09:30
4107,37,page_view,,,2026-05-14 04:52:10
4108,65,page_view,,,2025-10-28 19:26:36
4109,10,product_view,11.0,,2026-05-06 10:54:26
4110,38,page_view,,,2024-02-28 11:58:56
4111,75,product_view,7.0,,2024-05-10 02:57:24
4112,18,product_view,18.0,,2026-01-12 14:07:52
4113,2,add_to_cart,1.0,,2025-05-30 10:26:51
4114,62,page_view,,,2024-04-04 04:38:44
4115,1,page_view,,,2026-08-12 00:06:13
4116,34,page_view,,,2025-10-06 23:56:46
4117,85,page_view,,,2026-04-13 13:14:08
4118,57,page_view,,,2025-07-04 17:10:43
4119,21,page_view,,,2025-04-16 13:55:31
4120,56,wishlist,5.0,,2026-04-13 01:13:09
4121,83,page_view,,,2026-07-09 16:25:20
4122,48,product_view,3.0,,2024-11-12 04:15:28
4123,15,page_view,,,2024-04-20 12:23:42
4124,51,add_to_cart,2.0,,2024-05-05 16:48:53
4125,62,page_view,,,2025-02-05 00:45:52
4126,54,page_view,,,2025-01-04 14:31:33
4127,30,product_view,27.0,,2024-12-06 13:18:29
4128,25,wishlist,3.0,,2024-05-20 01:41:48
4129,74,search,,running shoes,2025-08-18 16:15:40
4130,10,product_view,6.0,,2026-08-03 20:06:54
4131,90,checkout,,,2024-08-22 18:59:58
4132,83,search,,office chair,2025-05-24 04:17:49
4133,44,purchase,12.0,,2026-05-26 15:23:01
4134,20,page_view,,,2024-12-21 23:01:33
4135,6,search,,fitness tracker,2024-10-01 22:46:43
4136,26,add_to_cart,2.0,,2025-05-05 15:53:25
4137,19,product_view,5.0,,2024-01-13 10:22:49
4138,93,page_view,,,2026-02-16 18:09:50
4139,73,page_view,,,2024-09-29 20:20:24
4140,14,search,,running shoes,2026-03-17 14:12:18
4141,50,page_view,,,2025-01-10 05:09:14
4142,6,page_view,,,2025-05-11 04:48:45
4143,60,search,,running shoes,2024-10-30 05:06:01
4144,79,page_view,,,2024-08-05 23:11:51
4145,47,product_view,12.0,,2025-03-03 14:07:28
4146,44,page_view,,,2025-04-14 23:07:51
4147,27,product_view,5.0,,2025-04-16 20:23:23
4148,19,product_view,8.0,,2025-07-24 04:23:31
4149,93,page_view,,,2026-04-15 10:14:50
4150,20,product_view,7.0,,2026-05-19 11:01:24
4151,27,page_view,,,2025-04-03 19:14:03
4152,74,page_view,,,2024-09-29 08:17:35
4153,2,checkout,,,2026-04-13 13:26:09
4154,78,wishlist,5.0,,2025-04-21 02:51:24
4155,80,product_view,8.0,,2024-01-23 18:35:28
4156,90,page_view,,,2026-07-29 15:41:45
4157,2,search,,coffee maker,2025-01-28 12:11:14
4158,55,page_view,,,2024-10-17 20:12:10
4159,44,checkout,,,2025-12-03 21:12:08
4160,48,checkout,,,2026-02-26 12:15:37
4161,27,product_view,8.0,,2025-08-28 01:09:21
4162,57,page_view,,,2026-07-23 08:41:48
4163,69,page_view,,,2025-11-14 22:46:13
4164,71,page_view,,,2024-04-15 06:31:26
4165,55,page_view,,,2025-11-06 05:59:18
4166,97,purchase,7.0,,2025-03-21 09:38:02
4167,40,search,,wireless headphones,2025-03-05 03:54:19
4168,35,purchase,2.0,,2026-06-27 13:31:53
4169,69,page_view,,,2024-07-13 12:59:15
4170,31,product_view,2.0,,2024-06-23 13:24:47
4171,89,page_view,,,2024-02-25 15:14:12
4172,52,search,,coffee maker,2025-05-29 12:58:49
4173,32,page_view,,,2025-01-27 22:50:11
4174,35,checkout,,,2024-05-27 06:04:06
4175,50,search,,gaming keyboard,2025-04-30 08:44:39
4176,48,page_view,,,2026-05-13 00:57:52
4177,4,product_view,8.0,,2025-01-24 22:23:36
4178,61,page_view,,,2025-02-16 11:24:01
4179,33,page_view,,,2025-09-14 13:59:42
4180,97,product_view,26.0,,2024-09-24 16:58:49
4181,43,product_view,3.0,,2026-04-30 19:13:54
4182,9,product_view,4.0,,2024-09-19 04:32:24
4183,7,page_view,,,2025-05-06 05:05:19
4184,29,page_view,,,2026-05-19 03:52:58
4185,98,product_view,3.0,,2025-02-21 09:23:32
4186,73,add_to_cart,2.0,,2024-06-27 19:42:33
4187,88,page_view,,,2025-06-10 07:11:26
4188,59,product_view,8.0,,2024-05-16 05:17:06
4189,94,page_view,,,2026-06-21 00:58:40
4190,13,product_view,19.0,,2026-01-11 14:53:12
4191,43,search,,gaming keyboard,2024-06-15 11:40:17
4192,100,page_view,,,2026-08-27 19:54:54
4193,12,search,,running shoes,2025-12-15 20:40:12
4194,51,page_view,,,2026-05-03 15:16:28
4195,43,add_to_cart,10.0,,2024-01-06 14:54:38
4196,26,page_view,,,2024-08-17 18:58:11
4197,37,product_view,3.0,,2025-06-30 09:44:16
4198,47,product_view,24.0,,2026-04-06 05:11:38
4199,24,page_view,,,2024-01-11 12:00:35
4200,23,product_view,2.0,,2025-01-25 07:37:35
4201,52,page_view,,,2024-03-07 15:06:02
4202,98,page_view,,,2026-03-19 13:49:44
4203,46,product_view,14.0,,2024-07-06 01:47:35
4204,6,search,,gaming keyboard,2025-02-26 12:46:17
4205,98,page_view,,,2025-12-31 03:39:10
4206,93,page_view,,,2025-04-14 02:11:16
4207,99,page_view,,,2025-05-29 00:28:25
4208,64,page_view,,,2025-11-28 05:25:28
4209,70,page_view,,,2025-12-30 03:55:09
4210,73,product_view,1.0,,2026-05-09 17:04:01
4211,27,search,,coffee maker,2024-06-22 00:12:45
4212,7,wishlist,10.0,,2025-06-09 15:09:00
4213,30,page_view,,,2024-02-24 16:26:19
4214,51,wishlist,25.0,,2026-01-21 15:33:45
4215,34,product_view,2.0,,2025-09-25 02:16:01
4216,11,wishlist,2.0,,2024-03-10 12:18:14
4217,49,page_view,,,2025-06-02 07:47:40
4218,91,page_view,,,2025-06-07 16:17:20
4219,39,page_view,,,2025-04-17 19:16:45
4220,55,add_to_cart,6.0,,2025-11-13 17:10:10
4221,15,page_view,,,2026-02-23 23:06:48
4222,11,page_view,,,2024-07-27 11:55:36
4223,95,checkout,,,2024-05-10 03:34:54
4224,18,page_view,,,2026-01-19 19:38:26
4225,50,product_view,35.0,,2025-06-16 04:25:54
4226,64,page_view,,,2026-01-22 02:36:04
4227,63,product_view,16.0,,2025-07-18 22:13:23
4228,37,search,,fitness tracker,2025-12-13 06:05:27
4229,7,page_view,,,2026-08-25 00:01:36
4230,42,product_view,6.0,,2024-03-30 14:14:50
4231,1,page_view,,,2024-12-06 01:37:06
4232,93,wishlist,8.0,,2024-06-18 23:05:29
4233,92,page_view,,,2025-02-08 09:27:31
4234,92,product_view,16.0,,2024-07-07 09:54:21
4235,35,page_view,,,2025-01-31 00:34:46
4236,97,page_view,,,2026-02-15 11:51:44
4237,37,product_view,6.0,,2024-04-21 14:42:47
4238,77,product_view,2.0,,2024-06-02 00:15:27
4239,56,product_view,19.0,,2024-07-25 03:17:20
4240,35,product_view,3.0,,2025-12-17 21:07:50
4241,55,search,,coffee maker,2026-08-22 02:07:59
4242,24,purchase,3.0,,2025-03-01 07:09:22
4243,68,wishlist,16.0,,2025-02-08 14:36:45
4244,18,wishlist,6.0,,2025-05-08 09:40:00
4245,91,page_view,,,2026-08-27 18:09:25
4246,85,product_view,5.0,,2026-06-10 11:08:37
4247,6,search,,running shoes,2025-08-28 18:22:31
4248,27,add_to_cart,27.0,,2025-09-04 21:17:31
4249,40,checkout,,,2025-08-08 08:50:15
4250,88,page_view,,,2025-09-30 23:32:47
4251,46,wishlist,16.0,,2025-06-18 15:08:36
4252,65,page_view,,,2024-10-23 00:38:55
4253,86,product_view,22.0,,2024-09-26 20:49:44
4254,1,page_view,,,2025-09-20 16:09:13
4255,6,page_view,,,2024-10-03 05:33:54
4256,9,product_view,10.0,,2024-10-04 20:36:24
4257,37,page_view,,,2024-11-02 08:33:06
4258,80,purchase,5.0,,2026-01-16 20:46:06
4259,64,wishlist,6.0,,2026-01-12 06:05:37
4260,11,page_view,,,2024-08-08 18:19:00
4261,25,page_view,,,2026-04-20 01:36:44
4262,6,page_view,,,2026-05-19 14:21:59
4263,49,page_view,,,2026-06-13 09:50:18
4264,66,product_view,24.0,,2025-08-06 19:58:38
4265,44,product_view,21.0,,2024-07-13 00:13:03
4266,94,product_view,3.0,,2025-12-02 13:23:51
4267,13,page_view,,,2025-10-10 16:32:41
4268,98,page_view,,,2026-07-25 21:52:20
4269,46,page_view,,,2025-02-18 07:29:43
4270,55,product_view,22.0,,2025-09-24 12:58:24
4271,94,wishlist,10.0,,2024-04-01 08:44:44
4272,28,add_to_cart,2.0,,2025-04-16 02:20:22
4273,94,product_view,8.0,,2025-06-05 14:12:27
4274,93,page_view,,,2024-08-21 23:45:56
4275,65,page_view,,,2024-01-19 00:42:56
4276,19,page_view,,,2026-03-24 10:31:02
4277,56,search,,fitness tracker,2024-07-10 17:52:26
4278,100,add_to_cart,6.0,,2024-01-08 04:46:28
4279,74,product_view,3.0,,2026-05-28 12:22:10
4280,86,page_view,,,2026-06-21 21:30:01
4281,72,checkout,,,2024-08-27 08:39:18
4282,4,page_view,,,2025-01-12 03:37:17
4283,81,page_view,,,2026-04-21 11:40:11
4284,90,purchase,24.0,,2024-08-04 17:45:50
4285,61,checkout,,,2025-08-12 16:29:16
4286,8,page_view,,,2026-07-23 06:57:09
4287,23,add_to_cart,6.0,,2026-01-28 08:54:28
4288,89,product_view,5.0,,2026-01-04 21:45:04
4289,40,page_view,,,2025-05-18 03:01:55
4290,75,product_view,17.0,,2024-08-11 01:38:30
4291,42,page_view,,,2026-06-28 15:36:44
4292,54,page_view,,,2024-06-02 13:53:12
4293,21,product_view,2.0,,2025-08-02 10:44:51
4294,68,add_to_cart,14.0,,2025-08-03 08:37:00
4295,95,product_view,5.0,,2024-04-08 05:33:40
4296,25,page_view,,,2024-02-25 02:19:45
4297,14,page_view,,,2026-08-07 16:51:42
4298,72,page_view,,,2025-11-05 02:23:05
4299,51,page_view,,,2026-01-03 12:04:17
4300,70,page_view,,,2025-05-11 05:14:40
4301,26,checkout,,,2024-03-20 12:53:27
4302,48,page_view,,,2025-07-01 04:52:48
4303,19,page_view,,,2025-10-28 23:11:00
4304,66,page_view,,,2024-06-19 05:05:30
4305,100,product_view,5.0,,2025-02-09 15:13:28
4306,93,checkout,,,2025-04-28 07:33:34
4307,9,search,,python book,2024-09-28 06:56:30
4308,81,add_to_cart,21.0,,2024-10-28 20:48:02
4309,100,page_view,,,2025-11-30 15:42:57
4310,6,page_view,,,2026-08-02 11:52:54
4311,77,search,,python book,2024-08-03 17:20:19
4312,47,page_view,,,2026-08-04 17:46:20
4313,79,search,,gaming keyboard,2026-08-21 15:08:42
4314,78,page_view,,,2026-02-03 00:21:59
4315,59,product_view,18.0,,2026-07-31 00:21:07
4316,80,search,,python book,2026-01-01 14:28:44
4317,93,wishlist,6.0,,2025-03-02 00:44:35
4318,3,page_view,,,2024-02-07 18:02:27
4319,84,add_to_cart,6.0,,2026-07-26 07:14:19
4320,94,add_to_cart,11.0,,2025-05-08 11:00:03
4321,14,page_view,,,2024-04-05 13:19:48
4322,5,add_to_cart,29.0,,2025-06-08 22:30:16
4323,11,page_view,,,2024-04-04 09:24:42
4324,43,page_view,,,2024-10-15 03:43:43
4325,5,page_view,,,2026-07-29 20:07:14
4326,93,search,,wireless headphones,2025-07-14 07:21:22
4327,84,page_view,,,2024-10-28 16:56:38
4328,2,page_view,,,2024-01-20 20:02:54
4329,97,page_view,,,2026-06-15 05:27:59
4330,4,page_view,,,2025-07-02 18:23:27
4331,59,page_view,,,2024-07-18 11:03:58
4332,89,add_to_cart,12.0,,2024-09-11 03:56:10
4333,46,page_view,,,2025-01-06 23:28:47
4334,68,search,,skin care,2024-05-18 14:06:50
4335,90,page_view,,,2024-06-28 19:04:48
4336,94,page_view,,,2024-02-20 23:08:00
4337,2,product_view,1.0,,2024-06-04 08:07:07
4338,4,search,,fitness tracker,2025-04-02 15:22:01
4339,58,product_view,12.0,,2025-11-06 20:56:20
4340,35,page_view,,,2025-04-18 10:36:13
4341,87,page_view,,,2024-02-14 19:34:14
4342,47,page_view,,,2026-07-07 18:49:20
4343,5,product_view,28.0,,2025-11-16 01:41:31
4344,29,page_view,,,2025-11-25 04:24:08
4345,17,page_view,,,2025-06-14 20:58:29
4346,87,page_view,,,2025-06-25 11:46:56
4347,26,page_view,,,2025-05-30 05:15:23
4348,74,product_view,16.0,,2025-12-11 14:32:31
4349,46,page_view,,,2025-03-24 14:31:12
4350,72,page_view,,,2025-12-14 10:29:39
4351,36,product_view,1.0,,2024-06-08 06:31:37
4352,100,page_view,,,2025-01-27 09:11:29
4353,93,page_view,,,2024-08-19 05:59:50
4354,33,product_view,3.0,,2025-04-28 06:19:57
4355,87,page_view,,,2024-04-08 08:43:23
4356,95,page_view,,,2026-02-25 18:39:22
4357,15,page_view,,,2025-03-25 08:22:26
4358,83,page_view,,,2026-04-14 20:45:26
4359,37,page_view,,,2025-04-17 05:43:04
4360,91,page_view,,,2025-04-13 23:27:53
4361,82,page_view,,,2026-07-01 13:42:45
4362,35,search,,wireless headphones,2024-07-09 22:38:15
4363,74,page_view,,,2024-09-01 04:56:04
4364,65,search,,office chair,2026-01-27 17:44:46
4365,11,page_view,,,2025-08-16 23:28:46
4366,42,page_view,,,2026-08-05 06:38:54
4367,19,product_view,3.0,,2024-11-10 16:51:05
4368,5,product_view,1.0,,2024-06-02 23:17:55
4369,78,page_view,,,2024-12-07 01:08:10
4370,89,product_view,19.0,,2025-08-15 10:26:26
4371,39,product_view,6.0,,2024-12-10 06:05:34
4372,56,page_view,,,2024-03-12 07:59:00
4373,8,search,,wireless headphones,2024-02-04 08:22:20
4374,26,page_view,,,2026-08-07 15:14:03
4375,48,page_view,,,2024-05-04 16:39:15
4376,98,product_view,5.0,,2026-02-26 00:46:11
4377,75,page_view,,,2025-10-18 14:23:13
4378,42,page_view,,,2025-12-15 19:09:49
4379,66,search,,skin care,2024-04-24 03:59:34
4380,33,page_view,,,2025-03-25 18:37:22
4381,18,page_view,,,2025-07-06 21:46:33
4382,32,page_view,,,2025-02-04 00:29:07
4383,99,page_view,,,2024-08-22 06:34:53
4384,12,product_view,11.0,,2026-02-24 01:04:28
4385,43,page_view,,,2025-08-01 04:57:35
4386,38,purchase,8.0,,2024-10-25 00:49:13
4387,40,product_view,3.0,,2024-12-04 09:20:30
4388,97,page_view,,,2026-03-10 00:30:21
4389,34,product_view,7.0,,2025-06-10 22:18:38
4390,93,wishlist,2.0,,2024-04-26 01:55:07
4391,22,product_view,10.0,,2024-10-31 12:04:22
4392,28,checkout,,,2024-11-04 07:22:33
4393,52,add_to_cart,2.0,,2026-02-22 09:45:05
4394,24,page_view,,,2024-09-21 22:04:17
4395,79,add_to_cart,8.0,,2024-12-07 22:07:14
4396,46,wishlist,7.0,,2026-04-27 17:52:35
4397,35,page_view,,,2025-02-17 22:54:18
4398,6,page_view,,,2025-06-11 17:20:03
4399,100,page_view,,,2024-12-29 20:48:40
4400,11,product_view,18.0,,2024-12-14 14:59:32
4401,63,page_view,,,2026-08-17 13:47:56
4402,2,product_view,4.0,,2024-12-03 16:28:34
4403,37,page_view,,,2026-02-11 03:59:45
4404,92,page_view,,,2024-11-03 16:31:18
4405,37,product_view,2.0,,2025-01-09 17:09:21
4406,94,wishlist,8.0,,2024-12-13 12:13:48
4407,90,product_view,9.0,,2025-09-10 13:23:09
4408,59,add_to_cart,11.0,,2024-10-04 04:42:00
4409,85,page_view,,,2026-06-09 16:18:18
4410,17,purchase,3.0,,2026-08-21 02:24:08
4411,80,search,,office chair,2024-01-21 01:27:28
4412,20,page_view,,,2025-04-22 10:05:01
4413,43,page_view,,,2024-07-14 03:17:27
4414,53,product_view,20.0,,2026-06-25 19:47:34
4415,91,wishlist,15.0,,2025-04-25 07:22:00
4416,58,product_view,4.0,,2026-03-18 13:51:10
4417,39,page_view,,,2024-03-15 11:11:20
4418,45,product_view,4.0,,2026-01-31 07:35:26
4419,9,add_to_cart,6.0,,2025-12-30 10:36:22
4420,40,add_to_cart,8.0,,2026-01-13 06:00:21
4421,64,page_view,,,2025-12-25 22:26:29
4422,3,product_view,2.0,,2025-07-07 12:19:32
4423,64,page_view,,,2025-06-02 10:48:05
4424,49,search,,skin care,2024-01-08 08:23:05
4425,1,page_view,,,2026-04-30 20:08:20
4426,57,page_view,,,2026-02-27 06:56:31
4427,53,page_view,,,2026-05-22 02:00:47
4428,92,page_view,,,2024-03-17 16:41:56
4429,4,product_view,26.0,,2024-03-30 06:27:35
4430,56,page_view,,,2024-05-26 19:02:45
4431,71,page_view,,,2025-11-25 18:46:12
4432,67,product_view,15.0,,2024-09-27 07:35:28
4433,76,checkout,,,2025-01-25 09:43:53
4434,58,product_view,42.0,,2025-06-10 05:30:33
4435,58,search,,gaming keyboard,2025-01-07 17:06:51
4436,4,product_view,5.0,,2026-07-30 16:33:27
4437,40,page_view,,,2024-05-22 22:10:09
4438,74,product_view,6.0,,2024-05-05 07:50:15
4439,14,page_view,,,2024-03-06 15:12:20
4440,28,checkout,,,2024-01-31 02:50:19
4441,91,page_view,,,2025-06-15 20:50:25
4442,8,page_view,,,2024-11-16 04:04:09
4443,31,search,,skin care,2025-10-10 00:37:38
4444,24,product_view,14.0,,2025-12-06 17:49:43
4445,99,search,,office chair,2024-01-15 15:23:33
4446,80,search,,running shoes,2025-09-28 07:46:13
4447,21,product_view,5.0,,2025-11-17 12:09:23
4448,17,product_view,21.0,,2025-11-29 20:07:03
4449,61,page_view,,,2025-09-02 05:38:58
4450,32,search,,office chair,2025-02-04 17:24:22
4451,74,page_view,,,2024-08-25 00:09:05
4452,16,product_view,11.0,,2025-08-10 21:10:56
4453,27,search,,skin care,2025-04-19 22:56:16
4454,77,product_view,6.0,,2026-02-23 16:18:39
4455,2,product_view,12.0,,2025-07-14 22:44:39
4456,9,wishlist,5.0,,2024-08-29 05:23:33
4457,40,page_view,,,2026-01-21 23:58:15
4458,100,page_view,,,2025-01-28 07:07:08
4459,16,page_view,,,2024-03-01 14:54:11
4460,10,page_view,,,2025-01-22 07:51:00
4461,34,page_view,,,2024-10-29 19:25:17
4462,24,page_view,,,2024-09-08 01:42:28
4463,3,page_view,,,2024-06-26 17:50:48
4464,15,page_view,,,2025-01-27 22:07:59
4465,47,page_view,,,2024-09-11 19:14:53
4466,67,product_view,1.0,,2026-06-04 18:54:26
4467,54,checkout,,,2025-11-27 15:22:08
4468,94,product_view,13.0,,2025-05-13 09:49:41
4469,72,product_view,5.0,,2026-05-15 08:12:20
4470,1,product_view,9.0,,2024-10-10 19:29:06
4471,19,search,,running shoes,2024-07-25 00:22:00
4472,73,page_view,,,2025-07-26 02:50:33
4473,34,page_view,,,2026-05-15 05:21:58
4474,32,search,,running shoes,2026-05-10 05:27:58
4475,43,product_view,1.0,,2025-12-18 02:42:49
4476,89,search,,skin care,2026-02-14 11:55:01
4477,81,product_view,45.0,,2024-12-15 04:17:58
4478,73,product_view,4.0,,2024-03-11 02:53:07
4479,61,page_view,,,2024-07-01 08:00:16
4480,84,page_view,,,2026-05-20 00:48:47
4481,19,product_view,17.0,,2024-11-19 19:58:23
4482,17,add_to_cart,11.0,,2024-08-13 16:48:55
4483,83,page_view,,,2024-06-29 08:33:55
4484,24,product_view,2.0,,2025-05-26 06:53:26
4485,54,product_view,5.0,,2024-01-09 12:01:03
4486,87,add_to_cart,10.0,,2024-10-11 01:00:43
4487,56,checkout,,,2024-07-13 15:57:30
4488,7,product_view,34.0,,2024-09-29 18:12:18
4489,3,product_view,2.0,,2025-06-08 19:35:42
4490,87,wishlist,12.0,,2025-09-16 23:38:58
4491,2,product_view,25.0,,2025-10-22 05:34:30
4492,91,product_view,8.0,,2024-03-21 03:14:08
4493,5,page_view,,,2025-09-14 07:50:31
4494,22,page_view,,,2025-10-12 12:10:41
4495,49,search,,skin care,2024-09-28 05:55:41
4496,68,page_view,,,2026-03-27 10:02:27
4497,34,product_view,31.0,,2025-06-25 10:43:16
4498,27,page_view,,,2025-10-12 10:17:27
4499,13,page_view,,,2025-06-16 09:42:56
4500,90,search,,gaming keyboard,2025-04-25 11:55:39
4501,46,page_view,,,2026-03-21 12:53:07
4502,54,add_to_cart,8.0,,2025-08-03 12:45:07
4503,16,page_view,,,2024-09-04 03:50:12
4504,23,search,,coffee maker,2025-01-18 19:47:39
4505,76,page_view,,,2026-03-29 07:23:41
4506,71,product_view,3.0,,2025-03-08 11:46:33
4507,15,add_to_cart,2.0,,2025-10-07 04:09:58
4508,90,wishlist,27.0,,2025-04-04 00:06:57
4509,44,product_view,5.0,,2024-08-03 09:25:26
4510,7,search,,office chair,2024-01-28 18:53:21
4511,45,checkout,,,2026-04-17 10:33:56
4512,45,page_view,,,2026-06-07 13:41:22
4513,35,page_view,,,2024-09-16 08:35:39
4514,84,add_to_cart,27.0,,2024-11-24 02:36:59
4515,3,page_view,,,2024-01-09 15:26:14
4516,32,page_view,,,2025-04-17 11:32:51
4517,26,page_view,,,2024-04-25 12:36:38
4518,55,search,,wireless headphones,2024-01-02 07:12:33
4519,97,product_view,3.0,,2025-02-19 01:45:43
4520,89,product_view,22.0,,2025-04-05 11:24:38
4521,88,page_view,,,2025-02-25 22:14:41
4522,55,product_view,6.0,,2026-07-15 03:29:21
4523,96,page_view,,,2024-09-23 15:55:41
4524,32,product_view,33.0,,2025-06-25 04:16:10
4525,71,page_view,,,2024-02-24 17:20:00
4526,16,product_view,1.0,,2024-02-03 23:32:26
4527,53,product_view,27.0,,2026-04-13 17:03:14
4528,63,purchase,4.0,,2025-12-05 23:55:32
4529,86,page_view,,,2024-06-24 05:19:39
4530,94,page_view,,,2024-01-26 05:02:09
4531,55,page_view,,,2024-02-27 22:51:01
4532,36,page_view,,,2024-01-13 13:01:07
4533,92,page_view,,,2026-03-03 18:33:39
4534,85,product_view,16.0,,2025-11-03 18:10:03
4535,29,page_view,,,2026-05-29 15:42:52
4536,58,wishlist,14.0,,2024-06-09 02:19:04
4537,14,search,,office chair,2024-04-10 06:35:48
4538,34,add_to_cart,9.0,,2025-09-08 22:23:21
4539,20,product_view,10.0,,2026-04-06 09:40:06
4540,17,page_view,,,2025-10-23 19:40:46
4541,88,search,,office chair,2026-02-22 08:04:06
4542,53,page_view,,,2025-07-18 17:23:10
4543,3,product_view,1.0,,2024-03-08 19:02:48
4544,53,product_view,6.0,,2026-07-13 10:00:20
4545,8,page_view,,,2024-04-29 09:14:10
4546,45,add_to_cart,25.0,,2024-08-20 22:53:09
4547,14,page_view,,,2024-04-07 22:35:48
4548,47,product_view,14.0,,2025-12-23 18:51:51
4549,16,product_view,34.0,,2025-04-27 19:29:06
4550,25,search,,python book,2025-11-24 05:58:50
4551,15,wishlist,21.0,,2024-09-21 18:42:29
4552,22,page_view,,,2024-05-03 15:22:19
4553,69,page_view,,,2025-04-11 02:43:10
4554,83,page_view,,,2025-01-24 16:50:08
4555,73,product_view,1.0,,2024-11-03 13:02:45
4556,12,page_view,,,2024-02-22 00:20:27
4557,49,product_view,5.0,,2024-02-04 14:55:21
4558,24,product_view,5.0,,2025-01-12 22:20:11
4559,72,product_view,2.0,,2024-09-02 16:28:13
4560,45,page_view,,,2026-02-02 15:57:19
4561,61,search,,python book,2024-04-21 02:54:33
4562,91,page_view,,,2024-10-24 17:42:29
4563,61,purchase,10.0,,2026-05-25 08:18:56
4564,71,page_view,,,2026-04-17 06:57:40
4565,99,page_view,,,2026-04-08 09:19:15
4566,83,page_view,,,2026-03-29 05:14:17
4567,37,product_view,1.0,,2024-06-14 18:51:27
4568,35,purchase,17.0,,2024-04-16 18:15:15
4569,31,page_view,,,2024-05-11 17:30:49
4570,69,page_view,,,2026-08-07 10:24:55
4571,12,page_view,,,2026-06-23 10:29:04
4572,91,page_view,,,2025-11-13 04:32:18
4573,36,wishlist,11.0,,2024-07-09 05:57:42
4574,76,page_view,,,2024-07-19 20:57:28
4575,9,product_view,16.0,,2025-07-20 00:48:01
4576,78,product_view,2.0,,2024-12-19 20:48:05
4577,15,purchase,6.0,,2024-09-11 19:05:54
4578,12,page_view,,,2025-01-25 13:45:53
4579,23,search,,gaming keyboard,2026-07-20 16:22:22
4580,59,product_view,17.0,,2024-07-26 00:13:54
4581,90,page_view,,,2024-12-12 22:11:13
4582,73,product_view,17.0,,2024-02-05 00:48:50
4583,43,page_view,,,2025-06-28 16:29:19
4584,48,page_view,,,2024-11-29 01:11:58
4585,16,search,,office chair,2024-07-01 13:40:36
4586,49,checkout,,,2026-07-02 18:12:41
4587,81,product_view,2.0,,2025-06-16 20:29:45
4588,45,page_view,,,2025-03-12 02:00:21
4589,23,product_view,3.0,,2024-04-16 16:35:00
4590,15,add_to_cart,2.0,,2024-05-23 16:56:06
4591,35,product_view,1.0,,2025-02-10 02:16:04
4592,1,search,,coffee maker,2025-04-08 00:39:12
4593,8,page_view,,,2026-05-08 12:09:09
4594,88,product_view,9.0,,2024-05-11 07:51:07
4595,61,search,,coffee maker,2025-02-06 18:27:07
4596,89,page_view,,,2025-11-13 10:58:17
4597,11,product_view,1.0,,2025-09-30 14:28:10
4598,99,checkout,,,2026-04-05 06:45:03
4599,11,search,,office chair,2025-05-22 22:05:28
4600,85,page_view,,,2025-07-24 18:44:27
4601,69,page_view,,,2024-05-22 16:06:29
4602,49,product_view,3.0,,2025-07-26 18:14:58
4603,50,product_view,4.0,,2024-01-07 04:21:32
4604,97,add_to_cart,7.0,,2024-08-04 08:53:37
4605,67,product_view,20.0,,2025-07-20 12:12:13
4606,89,page_view,,,2024-03-31 07:57:38
4607,2,add_to_cart,12.0,,2025-01-17 18:13:15
4608,100,search,,skin care,2024-02-06 23:41:14
4609,84,page_view,,,2025-09-28 10:21:07
4610,11,product_view,16.0,,2026-04-10 13:28:39
4611,35,product_view,7.0,,2024-10-22 10:34:24
4612,29,add_to_cart,10.0,,2024-02-07 06:48:09
4613,23,product_view,6.0,,2024-11-16 18:28:49
4614,17,product_view,13.0,,2025-04-11 00:00:09
4615,85,product_view,5.0,,2025-06-06 16:50:25
4616,34,page_view,,,2025-03-23 10:41:16
4617,2,page_view,,,2026-03-01 21:47:18
4618,100,page_view,,,2025-07-05 16:46:56
4619,26,search,,office chair,2026-03-11 21:19:14
4620,87,product_view,30.0,,2025-05-13 01:02:16
4621,94,purchase,2.0,,2024-10-21 00:05:08
4622,61,search,,gaming keyboard,2026-03-09 01:44:54
4623,92,product_view,3.0,,2024-12-29 04:33:03
4624,74,page_view,,,2024-01-06 20:10:34
4625,40,product_view,9.0,,2024-12-05 06:40:09
4626,30,page_view,,,2026-08-05 20:18:12
4627,72,page_view,,,2025-06-18 11:58:37
4628,72,page_view,,,2024-03-04 11:39:55
4629,55,product_view,1.0,,2025-04-01 18:37:25
4630,28,page_view,,,2024-01-13 09:57:32
4631,50,product_view,1.0,,2025-08-28 16:12:10
4632,12,product_view,9.0,,2025-02-28 20:00:06
4633,22,page_view,,,2024-07-18 00:32:00
4634,37,product_view,8.0,,2025-04-28 02:21:58
4635,41,product_view,4.0,,2024-03-10 06:20:20
4636,67,page_view,,,2026-03-27 07:33:18
4637,64,purchase,1.0,,2024-07-23 18:31:51
4638,13,add_to_cart,2.0,,2026-08-08 06:44:12
4639,64,product_view,6.0,,2024-09-12 14:46:57
4640,85,search,,gaming keyboard,2025-06-01 23:13:21
4641,25,search,,gaming keyboard,2026-04-23 10:16:37
4642,84,page_view,,,2026-03-12 16:45:03
4643,23,checkout,,,2025-11-16 07:18:45
4644,27,search,,coffee maker,2025-11-02 08:51:48
4645,88,product_view,21.0,,2026-08-04 08:37:47
4646,10,page_view,,,2024-06-02 03:21:26
4647,82,page_view,,,2025-11-25 15:18:38
4648,99,add_to_cart,12.0,,2026-08-19 13:04:26
4649,80,page_view,,,2024-05-12 11:58:19
4650,30,search,,office chair,2026-05-25 06:46:56
4651,78,product_view,8.0,,2024-04-13 02:34:01
4652,85,product_view,20.0,,2025-07-13 12:11:16
4653,32,product_view,4.0,,2026-02-01 16:27:51
4654,31,add_to_cart,3.0,,2024-03-21 16:44:24
4655,92,search,,running shoes,2025-04-04 05:21:32
4656,66,product_view,3.0,,2025-08-01 09:08:05
4657,50,add_to_cart,13.0,,2024-12-18 23:49:25
4658,92,product_view,9.0,,2026-02-03 00:38:48
4659,94,product_view,6.0,,2024-04-19 20:01:40
4660,51,page_view,,,2026-07-04 16:01:07
4661,14,product_view,15.0,,2026-05-05 08:58:02
4662,61,product_view,4.0,,2025-12-29 07:11:33
4663,63,page_view,,,2024-05-22 18:53:01
4664,18,search,,wireless headphones,2026-01-07 07:21:28
4665,52,search,,coffee maker,2024-03-26 05:47:05
4666,11,product_view,9.0,,2026-08-11 01:15:00
4667,91,wishlist,13.0,,2025-11-15 23:28:58
4668,31,page_view,,,2024-11-16 19:17:39
4669,3,page_view,,,2024-01-05 14:27:47
4670,28,product_view,1.0,,2024-10-24 11:04:23
4671,36,search,,office chair,2024-04-11 23:54:39
4672,72,search,,coffee maker,2025-07-07 19:58:46
4673,89,checkout,,,2024-07-07 00:49:56
4674,66,page_view,,,2025-10-23 22:46:16
4675,41,product_view,14.0,,2025-09-10 20:09:52
4676,6,search,,skin care,2024-08-06 14:22:39
4677,29,page_view,,,2024-04-24 02:14:06
4678,53,product_view,2.0,,2025-02-23 10:18:11
4679,4,product_view,6.0,,2024-09-06 13:42:59
4680,21,page_view,,,2025-05-06 07:42:59
4681,46,wishlist,3.0,,2025-05-17 12:34:44
4682,52,product_view,12.0,,2025-07-10 07:53:08
4683,26,wishlist,32.0,,2024-04-06 20:37:30
4684,44,product_view,1.0,,2025-03-13 01:07:59
4685,65,search,,wireless headphones,2026-01-02 05:27:13
4686,52,page_view,,,2024-06-28 19:31:50
4687,3,page_view,,,2024-08-05 13:00:00
4688,15,page_view,,,2025-07-18 08:40:46
4689,46,search,,wireless headphones,2024-10-09 00:35:49
4690,24,add_to_cart,13.0,,2024-12-26 11:26:41
4691,83,page_view,,,2024-09-25 05:14:23
4692,4,add_to_cart,10.0,,2024-08-30 01:05:59
4693,52,page_view,,,2024-06-03 17:42:10
4694,27,product_view,6.0,,2024-10-12 21:10:23
4695,51,wishlist,22.0,,2025-12-01 21:33:28
4696,93,purchase,5.0,,2024-06-01 05:01:56
4697,58,product_view,13.0,,2024-06-09 23:56:08
4698,9,search,,running shoes,2026-02-01 12:10:35
4699,63,page_view,,,2024-12-23 03:41:15
4700,77,page_view,,,2025-05-07 17:32:19
4701,61,page_view,,,2025-11-03 05:56:07
4702,77,product_view,5.0,,2025-03-05 04:52:46
4703,97,page_view,,,2024-01-26 21:54:31
4704,16,page_view,,,2024-01-01 01:55:02
4705,100,product_view,12.0,,2024-05-08 17:25:34
4706,33,search,,gaming keyboard,2025-07-18 03:43:00
4707,41,wishlist,21.0,,2026-02-12 13:35:24
4708,74,product_view,8.0,,2024-08-07 09:29:07
4709,41,product_view,7.0,,2026-04-23 11:20:51
4710,79,page_view,,,2025-05-06 19:30:53
4711,74,page_view,,,2026-02-28 15:50:17
4712,4,product_view,3.0,,2024-08-31 23:54:16
4713,2,page_view,,,2024-01-09 16:14:30
4714,5,search,,running shoes,2025-07-17 16:07:13
4715,85,checkout,,,2024-04-22 14:38:33
4716,78,page_view,,,2024-08-13 23:39:27
4717,87,page_view,,,2025-03-22 21:26:39
4718,83,product_view,11.0,,2026-05-05 11:51:35
4719,96,search,,running shoes,2025-10-27 10:53:29
4720,44,product_view,6.0,,2026-07-27 22:42:42
4721,62,search,,skin care,2025-08-06 00:53:34
4722,95,page_view,,,2026-04-10 17:49:14
4723,74,page_view,,,2026-08-17 21:27:10
4724,74,page_view,,,2025-10-04 16:25:30
4725,31,page_view,,,2024-10-13 07:16:53
4726,48,page_view,,,2024-05-07 04:30:51
4727,46,page_view,,,2024-01-03 16:52:27
4728,58,page_view,,,2025-02-12 01:54:20
4729,86,page_view,,,2025-11-08 15:43:36
4730,7,search,,coffee maker,2026-03-21 12:55:52
4731,17,add_to_cart,19.0,,2025-06-14 19:52:48
4732,18,product_view,22.0,,2025-09-13 19:16:45
4733,35,page_view,,,2024-05-01 00:02:46
4734,52,page_view,,,2025-07-29 16:18:28
4735,4,page_view,,,2025-04-08 18:44:44
4736,34,add_to_cart,22.0,,2025-09-29 19:29:49
4737,82,checkout,,,2026-06-09 01:25:59
4738,50,page_view,,,2026-04-30 19:12:06
4739,75,page_view,,,2025-09-08 16:24:03
4740,98,page_view,,,2024-04-16 21:46:59
4741,54,page_view,,,2025-07-31 19:19:00
4742,87,search,,office chair,2025-09-17 04:08:46
4743,62,page_view,,,2024-12-13 05:08:51
4744,91,page_view,,,2024-01-29 20:53:06
4745,34,product_view,2.0,,2025-02-26 13:22:54
4746,99,page_view,,,2024-09-13 05:49:58
4747,95,purchase,18.0,,2025-02-07 01:18:19
4748,62,page_view,,,2025-12-10 14:49:01
4749,57,add_to_cart,6.0,,2025-05-26 22:17:31
4750,87,page_view,,,2025-11-20 00:21:46
4751,10,search,,wireless headphones,2025-03-22 06:42:04
4752,8,page_view,,,2025-12-17 23:12:25
4753,43,checkout,,,2024-08-24 03:49:49
4754,69,page_view,,,2025-03-03 09:12:34
4755,18,page_view,,,2026-01-26 10:02:53
4756,8,page_view,,,2024-10-20 20:38:53
4757,65,product_view,4.0,,2025-11-09 19:12:05
4758,48,search,,coffee maker,2024-03-20 13:56:41
4759,100,add_to_cart,5.0,,2026-02-01 20:53:37
4760,15,product_view,2.0,,2025-10-25 10:48:20
4761,91,page_view,,,2024-10-27 19:16:38
4762,97,page_view,,,2024-10-18 19:51:24
4763,97,product_view,1.0,,2024-02-21 20:03:25
4764,67,add_to_cart,27.0,,2024-08-09 02:49:14
4765,8,product_view,39.0,,2024-04-16 22:20:31
4766,7,product_view,11.0,,2025-05-26 21:39:00
4767,21,product_view,5.0,,2026-04-19 08:06:40
4768,95,add_to_cart,3.0,,2025-02-13 18:44:35
4769,26,page_view,,,2025-10-06 03:43:12
4770,68,page_view,,,2026-08-11 19:45:33
4771,20,checkout,,,2024-12-12 00:39:02
4772,45,search,,gaming keyboard,2024-11-27 18:32:52
4773,15,product_view,11.0,,2024-07-03 03:03:55
4774,68,page_view,,,2024-11-26 19:27:27
4775,18,product_view,30.0,,2025-06-28 21:10:05
4776,86,search,,running shoes,2024-10-09 03:10:47
4777,6,product_view,1.0,,2025-01-31 17:08:25
4778,21,product_view,3.0,,2025-12-18 21:03:25
4779,88,product_view,8.0,,2025-11-24 13:37:19
4780,13,search,,wireless headphones,2024-07-12 01:27:31
4781,22,page_view,,,2025-07-17 04:13:43
4782,21,page_view,,,2025-03-20 00:20:36
4783,94,search,,coffee maker,2025-06-05 00:45:03
4784,29,search,,wireless headphones,2025-08-24 00:09:47
4785,24,page_view,,,2025-04-01 07:18:16
4786,60,purchase,3.0,,2024-01-20 22:57:37
4787,60,purchase,16.0,,2026-04-22 20:25:41
4788,86,product_view,22.0,,2024-04-12 02:40:34
4789,21,product_view,1.0,,2025-12-23 18:30:10
4790,30,page_view,,,2024-11-10 09:43:27
4791,90,page_view,,,2024-07-12 11:57:48
4792,30,product_view,2.0,,2024-06-01 05:47:11
4793,90,page_view,,,2024-11-04 08:29:56
4794,4,purchase,4.0,,2025-06-03 06:53:46
4795,93,add_to_cart,7.0,,2025-06-24 13:40:03
4796,25,product_view,8.0,,2026-03-11 10:09:13
4797,72,purchase,9.0,,2026-08-16 18:33:06
4798,7,product_view,32.0,,2025-04-17 22:12:59
4799,57,page_view,,,2024-07-28 21:34:51
4800,16,search,,wireless headphones,2025-04-22 12:09:14
4801,34,page_view,,,2024-12-30 06:36:35
4802,63,page_view,,,2026-05-09 05:25:13
4803,25,product_view,11.0,,2025-10-11 17:10:07
4804,66,page_view,,,2026-03-11 11:43:32
4805,1,page_view,,,2024-03-16 16:57:46
4806,60,page_view,,,2026-06-29 11:45:46
4807,79,product_view,38.0,,2024-06-25 11:17:56
4808,25,search,,running shoes,2024-11-07 19:39:05
4809,62,add_to_cart,6.0,,2025-11-19 18:47:55
4810,70,page_view,,,2025-02-25 10:42:52
4811,6,page_view,,,2024-08-24 08:29:04
4812,4,product_view,23.0,,2025-08-01 07:32:45
4813,20,page_view,,,2025-02-22 00:28:55
4814,42,page_view,,,2025-12-28 13:46:50
4815,20,product_view,13.0,,2026-06-03 20:30:15
4816,71,page_view,,,2024-10-25 08:19:03
4817,38,page_view,,,2024-04-20 17:21:00
4818,89,product_view,7.0,,2025-04-06 05:01:25
4819,63,wishlist,4.0,,2024-10-29 16:05:24
4820,74,page_view,,,2024-08-08 03:04:46
4821,96,wishlist,3.0,,2024-10-30 20:37:30
4822,73,page_view,,,2025-11-04 14:42:29
4823,45,product_view,4.0,,2025-07-25 11:52:42
4824,17,add_to_cart,10.0,,2024-10-11 05:05:20
4825,97,page_view,,,2025-02-06 02:33:37
4826,48,page_view,,,2026-03-29 03:11:07
4827,86,product_view,28.0,,2025-03-08 02:06:06
4828,71,product_view,16.0,,2025-01-23 06:43:06
4829,49,page_view,,,2025-10-13 13:38:42
4830,8,product_view,3.0,,2026-02-12 16:31:46
4831,67,page_view,,,2025-09-12 19:30:53
4832,40,product_view,14.0,,2024-08-27 19:35:09
4833,85,add_to_cart,5.0,,2024-11-17 10:57:09
4834,1,product_view,4.0,,2024-10-15 02:59:06
4835,64,search,,python book,2025-04-11 21:56:09
4836,20,page_view,,,2026-07-25 23:30:28
4837,46,search,,gaming keyboard,2024-11-05 11:47:31
4838,39,page_view,,,2026-06-10 13:44:12
4839,80,page_view,,,2025-10-04 23:34:35
4840,3,search,,office chair,2025-08-23 00:31:02
4841,22,page_view,,,2025-04-03 22:58:14
4842,64,product_view,12.0,,2025-09-05 18:50:34
4843,96,page_view,,,2024-10-14 06:44:31
4844,78,search,,gaming keyboard,2025-10-10 02:54:10
4845,72,page_view,,,2024-07-20 01:29:18
4846,64,product_view,6.0,,2024-01-16 06:37:43
4847,89,page_view,,,2026-01-05 23:38:21
4848,74,page_view,,,2024-06-14 21:39:59
4849,96,product_view,2.0,,2025-02-06 06:12:57
4850,26,product_view,9.0,,2025-06-20 18:29:29
4851,77,product_view,21.0,,2025-07-02 18:28:07
4852,43,add_to_cart,6.0,,2025-12-14 07:53:10
4853,41,page_view,,,2026-01-29 08:04:40
4854,18,page_view,,,2025-07-28 12:17:25
4855,28,page_view,,,2025-09-03 11:26:40
4856,17,page_view,,,2025-02-21 07:03:41
4857,44,page_view,,,2024-04-04 09:29:34
4858,85,product_view,4.0,,2026-01-10 06:19:18
4859,42,page_view,,,2024-03-19 20:38:58
4860,40,wishlist,15.0,,2025-07-22 11:29:58
4861,9,product_view,29.0,,2024-05-11 23:49:33
4862,8,add_to_cart,3.0,,2024-07-01 16:49:50
4863,14,product_view,3.0,,2024-06-28 06:07:01
4864,55,product_view,11.0,,2026-06-20 16:23:13
4865,74,product_view,2.0,,2024-03-08 13:17:24
4866,68,page_view,,,2024-02-10 11:30:21
4867,72,checkout,,,2025-01-11 21:20:51
4868,64,page_view,,,2024-03-23 16:49:16
4869,81,page_view,,,2024-07-08 02:36:18
4870,38,search,,fitness tracker,2026-07-08 02:30:25
4871,93,page_view,,,2025-09-22 01:26:59
4872,47,page_view,,,2026-03-17 04:11:20
4873,59,checkout,,,2024-11-15 04:28:26
4874,24,add_to_cart,12.0,,2024-12-31 06:29:00
4875,94,product_view,4.0,,2025-03-11 19:19:21
4876,43,wishlist,8.0,,2026-01-09 09:15:34
4877,51,page_view,,,2024-08-14 06:27:00
4878,77,checkout,,,2026-08-28 00:46:16
4879,53,checkout,,,2026-01-12 08:32:51
4880,69,product_view,14.0,,2026-04-07 13:37:13
4881,72,product_view,21.0,,2024-06-16 09:24:29
4882,52,page_view,,,2026-04-07 06:52:22
4883,20,product_view,15.0,,2025-11-14 21:39:18
4884,91,page_view,,,2024-09-24 06:24:55
4885,51,add_to_cart,36.0,,2025-06-22 20:35:16
4886,81,add_to_cart,3.0,,2025-04-22 02:54:52
4887,93,product_view,6.0,,2025-01-27 13:57:33
4888,18,page_view,,,2026-02-02 00:21:05
4889,11,search,,fitness tracker,2026-07-16 07:08:53
4890,64,page_view,,,2025-06-12 15:26:28
4891,77,page_view,,,2024-04-23 06:40:48
4892,4,product_view,5.0,,2025-05-31 02:20:25
4893,88,product_view,4.0,,2024-10-27 04:07:50
4894,15,product_view,16.0,,2026-07-27 19:55:24
4895,36,product_view,20.0,,2025-04-04 03:16:04
4896,68,product_view,1.0,,2025-08-12 06:57:38
4897,100,page_view,,,2024-11-07 16:43:45
4898,96,page_view,,,2026-01-14 12:59:50
4899,46,product_view,3.0,,2026-08-23 21:39:56
4900,97,page_view,,,2024-06-07 01:08:56
4901,99,page_view,,,2025-02-24 07:46:05
4902,82,page_view,,,2024-01-06 19:40:35
4903,9,wishlist,1.0,,2024-02-05 22:00:34
4904,94,page_view,,,2024-01-14 20:56:31
4905,83,product_view,1.0,,2026-03-20 05:18:26
4906,63,product_view,9.0,,2026-07-15 15:09:23
4907,96,purchase,8.0,,2026-07-31 01:47:29
4908,10,page_view,,,2025-02-03 17:17:18
4909,99,page_view,,,2026-08-14 10:21:11
4910,10,page_view,,,2026-04-14 09:14:24
4911,39,product_view,2.0,,2026-08-28 12:15:26
4912,34,page_view,,,2025-09-22 15:40:24
4913,57,page_view,,,2025-10-17 00:48:59
4914,34,wishlist,19.0,,2024-10-10 13:46:51
4915,12,purchase,14.0,,2025-04-17 02:29:51
4916,96,page_view,,,2024-12-24 05:05:29
4917,7,add_to_cart,13.0,,2024-01-31 00:53:44
4918,18,checkout,,,2025-12-19 22:56:20
4919,91,product_view,12.0,,2024-08-06 10:52:33
4920,1,product_view,3.0,,2024-04-13 21:37:53
4921,81,wishlist,16.0,,2026-03-27 11:51:57
4922,17,page_view,,,2024-06-03 17:00:51
4923,78,product_view,5.0,,2024-11-10 23:23:05
4924,18,product_view,13.0,,2025-05-13 12:24:45
4925,57,page_view,,,2025-09-17 10:27:23
4926,78,product_view,10.0,,2025-07-10 10:26:56
4927,18,page_view,,,2025-06-05 22:55:53
4928,67,page_view,,,2025-07-10 20:38:36
4929,49,product_view,21.0,,2026-03-02 05:45:51
4930,68,page_view,,,2026-05-26 17:46:42
4931,21,page_view,,,2026-08-27 00:36:57
4932,25,product_view,6.0,,2025-04-12 15:18:04
4933,7,search,,office chair,2024-07-09 01:42:06
4934,44,add_to_cart,5.0,,2025-03-05 17:26:19
4935,51,page_view,,,2024-01-04 05:22:48
4936,82,page_view,,,2025-03-27 06:08:35
4937,72,product_view,23.0,,2024-12-25 20:30:52
4938,24,page_view,,,2024-08-22 06:22:28
4939,86,page_view,,,2024-10-31 08:19:50
4940,12,product_view,4.0,,2024-06-03 20:32:34
4941,18,product_view,15.0,,2025-02-10 06:28:13
4942,69,page_view,,,2025-12-04 07:53:28
4943,41,page_view,,,2026-07-31 03:29:38
4944,17,add_to_cart,2.0,,2024-11-19 14:50:42
4945,96,page_view,,,2026-02-11 08:41:19
4946,84,add_to_cart,2.0,,2025-08-13 17:22:18
4947,15,product_view,4.0,,2026-05-22 15:28:04
4948,23,page_view,,,2026-03-10 06:47:55
4949,85,page_view,,,2025-08-11 21:34:18
4950,56,product_view,41.0,,2026-08-08 12:30:27
4951,83,page_view,,,2025-11-28 00:05:29
4952,88,page_view,,,2024-01-21 15:29:27
4953,63,product_view,13.0,,2025-11-22 10:47:25
4954,36,page_view,,,2024-02-11 10:25:14
4955,100,page_view,,,2025-04-07 07:47:39
4956,63,purchase,3.0,,2024-05-28 12:56:30
4957,65,page_view,,,2025-11-23 01:35:43
4958,35,product_view,13.0,,2025-11-29 00:53:20
4959,24,purchase,9.0,,2026-02-09 23:16:08
4960,100,page_view,,,2024-06-08 19:06:34
4961,34,search,,gaming keyboard,2025-12-29 09:07:04
4962,49,page_view,,,2024-01-01 04:12:17
4963,35,add_to_cart,4.0,,2024-02-18 22:42:55
4964,12,page_view,,,2024-09-14 01:51:17
4965,85,page_view,,,2026-08-11 17:14:28
4966,94,product_view,10.0,,2026-08-19 11:24:42
4967,65,product_view,1.0,,2025-10-31 21:13:49
4968,91,page_view,,,2025-07-21 08:28:42
4969,85,product_view,6.0,,2025-01-31 04:57:03
4970,38,page_view,,,2026-04-22 09:59:57
4971,36,add_to_cart,5.0,,2024-05-25 11:13:10
4972,97,product_view,16.0,,2026-04-27 22:44:45
4973,6,product_view,1.0,,2024-08-20 13:22:54
4974,11,page_view,,,2026-05-20 16:22:48
4975,63,page_view,,,2026-03-21 18:03:21
4976,75,page_view,,,2024-08-09 00:08:43
4977,67,product_view,8.0,,2024-02-22 23:17:10
4978,28,page_view,,,2026-03-22 13:37:56
4979,18,page_view,,,2026-03-07 20:17:52
4980,74,product_view,8.0,,2025-10-11 01:09:36
4981,93,page_view,,,2026-06-18 05:43:45
4982,40,add_to_cart,20.0,,2026-02-11 17:27:15
4983,17,page_view,,,2026-03-18 02:06:22
4984,77,page_view,,,2025-01-21 20:49:11
4985,37,page_view,,,2024-12-26 00:53:56
4986,42,search,,gaming keyboard,2025-05-02 08:03:56
4987,77,page_view,,,2025-04-20 04:15:06
4988,60,page_view,,,2025-07-02 14:18:13
4989,69,checkout,,,2024-03-21 15:50:12
4990,9,product_view,26.0,,2025-02-10 23:22:23
4991,68,search,,running shoes,2024-10-20 08:11:25
4992,75,page_view,,,2026-02-16 17:59:40
4993,60,wishlist,2.0,,2026-05-08 08:11:49
4994,83,page_view,,,2026-04-13 11:28:53
4995,82,product_view,5.0,,2025-10-26 18:10:53
4996,69,product_view,10.0,,2025-04-17 12:40:56
4997,22,page_view,,,2025-11-18 01:21:27
4998,7,product_view,14.0,,2025-04-17 07:10:47
4999,17,wishlist,22.0,,2024-05-17 14:00:15
5000,62,search,,running shoes,2026-08-01 04:13:32
